<?xml version="1.0" encoding="UTF-8" ?>
<!-- This is a WordPress eXtended RSS file generated by WordPress as an export of your site. -->
<!-- It contains information about your site's posts, pages, comments, categories, and other content. -->
<!-- You may use this file to transfer that content from one site to another. -->
<!-- This file is not intended to serve as a complete backup of your site. -->

<!-- To import this information into a WordPress site follow these steps: -->
<!-- 1. Log in to that site as an administrator. -->
<!-- 2. Go to Tools: Import in the WordPress admin panel. -->
<!-- 3. Install the "WordPress" importer from the list. -->
<!-- 4. Activate & Run Importer. -->
<!-- 5. Upload this file using the form provided on that page. -->
<!-- 6. You will first be asked to map the authors in this export file to users -->
<!--    on the site. For each author, you may choose to map to an -->
<!--    existing user on the site or to create a new user. -->
<!-- 7. WordPress will then import each of the posts, pages, comments, categories, etc. -->
<!--    contained in this file into your site. -->

	<!-- generator="WordPress/5.4.1" created="2020-06-06 15:52" -->
<rss version="2.0"
	xmlns:excerpt="http://wordpress.org/export/1.2/excerpt/"
	xmlns:content="http://purl.org/rss/1.0/modules/content/"
	xmlns:wfw="http://wellformedweb.org/CommentAPI/"
	xmlns:dc="http://purl.org/dc/elements/1.1/"
	xmlns:wp="http://wordpress.org/export/1.2/"
>

<channel>
	<title>Potter Movie Blog</title>
	<link>https://demos.wppotter.com/movie-blog</link>
	<description>Just another Potter Kit Demos site</description>
	<pubDate>Sat, 06 Jun 2020 15:52:08 +0000</pubDate>
	<language>en-US</language>
	<wp:wxr_version>1.2</wp:wxr_version>
	<wp:base_site_url>http://demos.wppotter.com/</wp:base_site_url>
	<wp:base_blog_url>https://demos.wppotter.com/movie-blog</wp:base_blog_url>

		<wp:author><wp:author_id>1</wp:author_id><wp:author_login><![CDATA[wppotter]]></wp:author_login><wp:author_email><![CDATA[info@wppotter.com]]></wp:author_email><wp:author_display_name><![CDATA[Eric]]></wp:author_display_name><wp:author_first_name><![CDATA[]]></wp:author_first_name><wp:author_last_name><![CDATA[]]></wp:author_last_name></wp:author>

		<wp:category>
		<wp:term_id>5</wp:term_id>
		<wp:category_nicename><![CDATA[characters]]></wp:category_nicename>
		<wp:category_parent><![CDATA[]]></wp:category_parent>
		<wp:cat_name><![CDATA[Characters]]></wp:cat_name>
	</wp:category>
		<wp:category>
		<wp:term_id>3</wp:term_id>
		<wp:category_nicename><![CDATA[movie-news]]></wp:category_nicename>
		<wp:category_parent><![CDATA[]]></wp:category_parent>
		<wp:cat_name><![CDATA[Movie News]]></wp:cat_name>
	</wp:category>
		<wp:category>
		<wp:term_id>2</wp:term_id>
		<wp:category_nicename><![CDATA[movie-trailer]]></wp:category_nicename>
		<wp:category_parent><![CDATA[]]></wp:category_parent>
		<wp:cat_name><![CDATA[Movie Trailer]]></wp:cat_name>
	</wp:category>
		<wp:category>
		<wp:term_id>4</wp:term_id>
		<wp:category_nicename><![CDATA[reviews]]></wp:category_nicename>
		<wp:category_parent><![CDATA[]]></wp:category_parent>
		<wp:cat_name><![CDATA[Reviews]]></wp:cat_name>
	</wp:category>
		<wp:category>
		<wp:term_id>1</wp:term_id>
		<wp:category_nicename><![CDATA[uncategorized]]></wp:category_nicename>
		<wp:category_parent><![CDATA[]]></wp:category_parent>
		<wp:cat_name><![CDATA[Uncategorized]]></wp:cat_name>
	</wp:category>
					<wp:term><wp:term_id>6</wp:term_id><wp:term_taxonomy>nav_menu</wp:term_taxonomy><wp:term_slug><![CDATA[main]]></wp:term_slug><wp:term_name><![CDATA[Main]]></wp:term_name>
</wp:term>

	<generator>https://wordpress.org/?v=5.4.1</generator>

		<item>
		<title>Sample Page</title>
		<link>https://demos.wppotter.com/movie-blog/sample-page/</link>
		<pubDate>Sat, 06 Jun 2020 14:17:03 +0000</pubDate>
		<dc:creator><![CDATA[wppotter]]></dc:creator>
		<guid isPermaLink="false">https://demos.wppotter.com/movie-blog/?page_id=2</guid>
		<description></description>
		<content:encoded><![CDATA[<!-- wp:paragraph -->
<p>This is an example page. It's different from a blog post because it will stay in one place and will show up in your site navigation (in most themes). Most people start with an About page that introduces them to potential site visitors. It might say something like this:</p>
<!-- /wp:paragraph -->

<!-- wp:quote -->
<blockquote class="wp-block-quote"><p>Hi there! I'm a bike messenger by day, aspiring actor by night, and this is my website. I live in Los Angeles, have a great dog named Jack, and I like pi&#241;a coladas. (And gettin' caught in the rain.)</p></blockquote>
<!-- /wp:quote -->

<!-- wp:paragraph -->
<p>...or something like this:</p>
<!-- /wp:paragraph -->

<!-- wp:quote -->
<blockquote class="wp-block-quote"><p>The XYZ Doohickey Company was founded in 1971, and has been providing quality doohickeys to the public ever since. Located in Gotham City, XYZ employs over 2,000 people and does all kinds of awesome things for the Gotham community.</p></blockquote>
<!-- /wp:quote -->

<!-- wp:paragraph -->
<p>As a new WordPress user, you should go to <a href="https://demos.wppotter.com/movie-blog/wp-admin/">your dashboard</a> to delete this page and create new pages for your content. Have fun!</p>
<!-- /wp:paragraph -->]]></content:encoded>
		<excerpt:encoded><![CDATA[]]></excerpt:encoded>
		<wp:post_id>2</wp:post_id>
		<wp:post_date><![CDATA[2020-06-06 14:17:03]]></wp:post_date>
		<wp:post_date_gmt><![CDATA[2020-06-06 14:17:03]]></wp:post_date_gmt>
		<wp:comment_status><![CDATA[closed]]></wp:comment_status>
		<wp:ping_status><![CDATA[open]]></wp:ping_status>
		<wp:post_name><![CDATA[sample-page]]></wp:post_name>
		<wp:status><![CDATA[publish]]></wp:status>
		<wp:post_parent>0</wp:post_parent>
		<wp:menu_order>0</wp:menu_order>
		<wp:post_type><![CDATA[page]]></wp:post_type>
		<wp:post_password><![CDATA[]]></wp:post_password>
		<wp:is_sticky>0</wp:is_sticky>
														<wp:postmeta>
		<wp:meta_key><![CDATA[_wp_page_template]]></wp:meta_key>
		<wp:meta_value><![CDATA[default]]></wp:meta_value>
		</wp:postmeta>
							</item>
					<item>
		<title>Default Kit</title>
		<link>https://demos.wppotter.com/movie-blog/?elementor_library=default-kit</link>
		<pubDate>Sat, 06 Jun 2020 14:20:04 +0000</pubDate>
		<dc:creator><![CDATA[wppotter]]></dc:creator>
		<guid isPermaLink="false">https://demos.wppotter.com/movie-blog/?elementor_library=default-kit</guid>
		<description></description>
		<content:encoded><![CDATA[]]></content:encoded>
		<excerpt:encoded><![CDATA[]]></excerpt:encoded>
		<wp:post_id>4</wp:post_id>
		<wp:post_date><![CDATA[2020-06-06 14:20:04]]></wp:post_date>
		<wp:post_date_gmt><![CDATA[2020-06-06 14:20:04]]></wp:post_date_gmt>
		<wp:comment_status><![CDATA[closed]]></wp:comment_status>
		<wp:ping_status><![CDATA[closed]]></wp:ping_status>
		<wp:post_name><![CDATA[default-kit]]></wp:post_name>
		<wp:status><![CDATA[publish]]></wp:status>
		<wp:post_parent>0</wp:post_parent>
		<wp:menu_order>0</wp:menu_order>
		<wp:post_type><![CDATA[elementor_library]]></wp:post_type>
		<wp:post_password><![CDATA[]]></wp:post_password>
		<wp:is_sticky>0</wp:is_sticky>
														<wp:postmeta>
		<wp:meta_key><![CDATA[_elementor_edit_mode]]></wp:meta_key>
		<wp:meta_value><![CDATA[builder]]></wp:meta_value>
		</wp:postmeta>
							<wp:postmeta>
		<wp:meta_key><![CDATA[_elementor_template_type]]></wp:meta_key>
		<wp:meta_value><![CDATA[kit]]></wp:meta_value>
		</wp:postmeta>
							<wp:postmeta>
		<wp:meta_key><![CDATA[_elementor_version]]></wp:meta_key>
		<wp:meta_value><![CDATA[2.9.11]]></wp:meta_value>
		</wp:postmeta>
							</item>
					<item>
		<title>focus-photography-of-dslr-camera-2376994</title>
		<link>https://demos.wppotter.com/movie-blog/focus-photography-of-dslr-camera-2376994/</link>
		<pubDate>Sat, 06 Jun 2020 14:26:05 +0000</pubDate>
		<dc:creator><![CDATA[wppotter]]></dc:creator>
		<guid isPermaLink="false">https://demos.wppotter.com/movie-blog/wp-content/uploads/sites/13/2020/06/focus-photography-of-dslr-camera-2376994.jpg</guid>
		<description></description>
		<content:encoded><![CDATA[]]></content:encoded>
		<excerpt:encoded><![CDATA[]]></excerpt:encoded>
		<wp:post_id>5</wp:post_id>
		<wp:post_date><![CDATA[2020-06-06 14:26:05]]></wp:post_date>
		<wp:post_date_gmt><![CDATA[2020-06-06 14:26:05]]></wp:post_date_gmt>
		<wp:comment_status><![CDATA[open]]></wp:comment_status>
		<wp:ping_status><![CDATA[closed]]></wp:ping_status>
		<wp:post_name><![CDATA[focus-photography-of-dslr-camera-2376994]]></wp:post_name>
		<wp:status><![CDATA[inherit]]></wp:status>
		<wp:post_parent>0</wp:post_parent>
		<wp:menu_order>0</wp:menu_order>
		<wp:post_type><![CDATA[attachment]]></wp:post_type>
		<wp:post_password><![CDATA[]]></wp:post_password>
		<wp:is_sticky>0</wp:is_sticky>
						<wp:attachment_url><![CDATA[https://demos.wppotter.com/movie-blog/wp-content/uploads/sites/13/2020/06/focus-photography-of-dslr-camera-2376994.jpg]]></wp:attachment_url>
											<wp:postmeta>
		<wp:meta_key><![CDATA[_wp_attached_file]]></wp:meta_key>
		<wp:meta_value><![CDATA[2020/06/focus-photography-of-dslr-camera-2376994.jpg]]></wp:meta_value>
		</wp:postmeta>
							<wp:postmeta>
		<wp:meta_key><![CDATA[_wp_attachment_metadata]]></wp:meta_key>
		<wp:meta_value><![CDATA[a:5:{s:5:"width";i:1280;s:6:"height";i:853;s:4:"file";s:52:"2020/06/focus-photography-of-dslr-camera-2376994.jpg";s:5:"sizes";a:9:{s:6:"medium";a:4:{s:4:"file";s:52:"focus-photography-of-dslr-camera-2376994-300x200.jpg";s:5:"width";i:300;s:6:"height";i:200;s:9:"mime-type";s:10:"image/jpeg";}s:5:"large";a:4:{s:4:"file";s:53:"focus-photography-of-dslr-camera-2376994-1024x682.jpg";s:5:"width";i:1024;s:6:"height";i:682;s:9:"mime-type";s:10:"image/jpeg";}s:9:"thumbnail";a:4:{s:4:"file";s:52:"focus-photography-of-dslr-camera-2376994-150x150.jpg";s:5:"width";i:150;s:6:"height";i:150;s:9:"mime-type";s:10:"image/jpeg";}s:12:"medium_large";a:4:{s:4:"file";s:52:"focus-photography-of-dslr-camera-2376994-768x512.jpg";s:5:"width";i:768;s:6:"height";i:512;s:9:"mime-type";s:10:"image/jpeg";}s:14:"post-thumbnail";a:4:{s:4:"file";s:52:"focus-photography-of-dslr-camera-2376994-360x240.jpg";s:5:"width";i:360;s:6:"height";i:240;s:9:"mime-type";s:10:"image/jpeg";}s:21:"potter-homepage-thumb";a:4:{s:4:"file";s:52:"focus-photography-of-dslr-camera-2376994-220x180.jpg";s:5:"width";i:220;s:6:"height";i:180;s:9:"mime-type";s:10:"image/jpeg";}s:21:"potter-fullpage-thumb";a:4:{s:4:"file";s:53:"focus-photography-of-dslr-camera-2376994-1000x800.jpg";s:5:"width";i:1000;s:6:"height";i:800;s:9:"mime-type";s:10:"image/jpeg";}s:21:"potter-postpage-thumb";a:4:{s:4:"file";s:53:"focus-photography-of-dslr-camera-2376994-1000x600.jpg";s:5:"width";i:1000;s:6:"height";i:600;s:9:"mime-type";s:10:"image/jpeg";}s:25:"potter-archive-list-thumb";a:4:{s:4:"file";s:52:"focus-photography-of-dslr-camera-2376994-800x800.jpg";s:5:"width";i:800;s:6:"height";i:800;s:9:"mime-type";s:10:"image/jpeg";}}s:10:"image_meta";a:12:{s:8:"aperture";s:1:"0";s:6:"credit";s:0:"";s:6:"camera";s:0:"";s:7:"caption";s:0:"";s:17:"created_timestamp";s:1:"0";s:9:"copyright";s:0:"";s:12:"focal_length";s:1:"0";s:3:"iso";s:1:"0";s:13:"shutter_speed";s:1:"0";s:5:"title";s:0:"";s:11:"orientation";s:1:"0";s:8:"keywords";a:0:{}}}]]></wp:meta_value>
		</wp:postmeta>
							</item>
					<item>
		<title>moroccan-flower</title>
		<link>https://demos.wppotter.com/movie-blog/moroccan-flower/</link>
		<pubDate>Sat, 06 Jun 2020 14:43:45 +0000</pubDate>
		<dc:creator><![CDATA[wppotter]]></dc:creator>
		<guid isPermaLink="false">https://demos.wppotter.com/movie-blog/wp-content/uploads/sites/13/2020/06/moroccan-flower.png</guid>
		<description></description>
		<content:encoded><![CDATA[]]></content:encoded>
		<excerpt:encoded><![CDATA[]]></excerpt:encoded>
		<wp:post_id>13</wp:post_id>
		<wp:post_date><![CDATA[2020-06-06 14:43:45]]></wp:post_date>
		<wp:post_date_gmt><![CDATA[2020-06-06 14:43:45]]></wp:post_date_gmt>
		<wp:comment_status><![CDATA[open]]></wp:comment_status>
		<wp:ping_status><![CDATA[closed]]></wp:ping_status>
		<wp:post_name><![CDATA[moroccan-flower]]></wp:post_name>
		<wp:status><![CDATA[inherit]]></wp:status>
		<wp:post_parent>0</wp:post_parent>
		<wp:menu_order>0</wp:menu_order>
		<wp:post_type><![CDATA[attachment]]></wp:post_type>
		<wp:post_password><![CDATA[]]></wp:post_password>
		<wp:is_sticky>0</wp:is_sticky>
						<wp:attachment_url><![CDATA[https://demos.wppotter.com/movie-blog/wp-content/uploads/sites/13/2020/06/moroccan-flower.png]]></wp:attachment_url>
											<wp:postmeta>
		<wp:meta_key><![CDATA[_wp_attached_file]]></wp:meta_key>
		<wp:meta_value><![CDATA[2020/06/moroccan-flower.png]]></wp:meta_value>
		</wp:postmeta>
							<wp:postmeta>
		<wp:meta_key><![CDATA[_wp_attachment_metadata]]></wp:meta_key>
		<wp:meta_value><![CDATA[a:5:{s:5:"width";i:400;s:6:"height";i:400;s:4:"file";s:27:"2020/06/moroccan-flower.png";s:5:"sizes";a:4:{s:6:"medium";a:4:{s:4:"file";s:27:"moroccan-flower-300x300.png";s:5:"width";i:300;s:6:"height";i:300;s:9:"mime-type";s:9:"image/png";}s:9:"thumbnail";a:4:{s:4:"file";s:27:"moroccan-flower-150x150.png";s:5:"width";i:150;s:6:"height";i:150;s:9:"mime-type";s:9:"image/png";}s:14:"post-thumbnail";a:4:{s:4:"file";s:27:"moroccan-flower-240x240.png";s:5:"width";i:240;s:6:"height";i:240;s:9:"mime-type";s:9:"image/png";}s:21:"potter-homepage-thumb";a:4:{s:4:"file";s:27:"moroccan-flower-220x180.png";s:5:"width";i:220;s:6:"height";i:180;s:9:"mime-type";s:9:"image/png";}}s:10:"image_meta";a:12:{s:8:"aperture";s:1:"0";s:6:"credit";s:0:"";s:6:"camera";s:0:"";s:7:"caption";s:0:"";s:17:"created_timestamp";s:1:"0";s:9:"copyright";s:0:"";s:12:"focal_length";s:1:"0";s:3:"iso";s:1:"0";s:13:"shutter_speed";s:1:"0";s:5:"title";s:0:"";s:11:"orientation";s:1:"0";s:8:"keywords";a:0:{}}}]]></wp:meta_value>
		</wp:postmeta>
							<wp:postmeta>
		<wp:meta_key><![CDATA[_wp_attachment_is_custom_background]]></wp:meta_key>
		<wp:meta_value><![CDATA[potter]]></wp:meta_value>
		</wp:postmeta>
							</item>
					<item>
		<title>y-so-serious-white</title>
		<link>https://demos.wppotter.com/movie-blog/y-so-serious-white/</link>
		<pubDate>Sat, 06 Jun 2020 14:46:01 +0000</pubDate>
		<dc:creator><![CDATA[wppotter]]></dc:creator>
		<guid isPermaLink="false">https://demos.wppotter.com/movie-blog/wp-content/uploads/sites/13/2020/06/y-so-serious-white.png</guid>
		<description></description>
		<content:encoded><![CDATA[]]></content:encoded>
		<excerpt:encoded><![CDATA[]]></excerpt:encoded>
		<wp:post_id>15</wp:post_id>
		<wp:post_date><![CDATA[2020-06-06 14:46:01]]></wp:post_date>
		<wp:post_date_gmt><![CDATA[2020-06-06 14:46:01]]></wp:post_date_gmt>
		<wp:comment_status><![CDATA[open]]></wp:comment_status>
		<wp:ping_status><![CDATA[closed]]></wp:ping_status>
		<wp:post_name><![CDATA[y-so-serious-white]]></wp:post_name>
		<wp:status><![CDATA[inherit]]></wp:status>
		<wp:post_parent>0</wp:post_parent>
		<wp:menu_order>0</wp:menu_order>
		<wp:post_type><![CDATA[attachment]]></wp:post_type>
		<wp:post_password><![CDATA[]]></wp:post_password>
		<wp:is_sticky>0</wp:is_sticky>
						<wp:attachment_url><![CDATA[https://demos.wppotter.com/movie-blog/wp-content/uploads/sites/13/2020/06/y-so-serious-white.png]]></wp:attachment_url>
											<wp:postmeta>
		<wp:meta_key><![CDATA[_wp_attached_file]]></wp:meta_key>
		<wp:meta_value><![CDATA[2020/06/y-so-serious-white.png]]></wp:meta_value>
		</wp:postmeta>
							<wp:postmeta>
		<wp:meta_key><![CDATA[_wp_attachment_metadata]]></wp:meta_key>
		<wp:meta_value><![CDATA[a:5:{s:5:"width";i:400;s:6:"height";i:400;s:4:"file";s:30:"2020/06/y-so-serious-white.png";s:5:"sizes";a:4:{s:6:"medium";a:4:{s:4:"file";s:30:"y-so-serious-white-300x300.png";s:5:"width";i:300;s:6:"height";i:300;s:9:"mime-type";s:9:"image/png";}s:9:"thumbnail";a:4:{s:4:"file";s:30:"y-so-serious-white-150x150.png";s:5:"width";i:150;s:6:"height";i:150;s:9:"mime-type";s:9:"image/png";}s:14:"post-thumbnail";a:4:{s:4:"file";s:30:"y-so-serious-white-240x240.png";s:5:"width";i:240;s:6:"height";i:240;s:9:"mime-type";s:9:"image/png";}s:21:"potter-homepage-thumb";a:4:{s:4:"file";s:30:"y-so-serious-white-220x180.png";s:5:"width";i:220;s:6:"height";i:180;s:9:"mime-type";s:9:"image/png";}}s:10:"image_meta";a:12:{s:8:"aperture";s:1:"0";s:6:"credit";s:0:"";s:6:"camera";s:0:"";s:7:"caption";s:0:"";s:17:"created_timestamp";s:1:"0";s:9:"copyright";s:0:"";s:12:"focal_length";s:1:"0";s:3:"iso";s:1:"0";s:13:"shutter_speed";s:1:"0";s:5:"title";s:0:"";s:11:"orientation";s:1:"0";s:8:"keywords";a:0:{}}}]]></wp:meta_value>
		</wp:postmeta>
							<wp:postmeta>
		<wp:meta_key><![CDATA[_wp_attachment_is_custom_background]]></wp:meta_key>
		<wp:meta_value><![CDATA[potter]]></wp:meta_value>
		</wp:postmeta>
							</item>
					<item>
		<title>Angelina Jolie Spends Birthday with Her Kids, Donates to NAACP</title>
		<link>https://demos.wppotter.com/movie-blog/2020/06/06/angelina-jolie-spends-birthday-with-her-kids-donates-to-naacp/</link>
		<pubDate>Sat, 06 Jun 2020 14:50:09 +0000</pubDate>
		<dc:creator><![CDATA[wppotter]]></dc:creator>
		<guid isPermaLink="false">https://demos.wppotter.com/movie-blog/?p=17</guid>
		<description></description>
		<content:encoded><![CDATA[<!-- wp:heading -->
<h2>What is Lorem Ipsum?</h2>
<!-- /wp:heading -->

<!-- wp:paragraph -->
<p><strong>Lorem Ipsum</strong>&nbsp;is simply dummy text of the printing and typesetting industry. Lorem Ipsum has been the industry's standard dummy text ever since the 1500s, when an unknown printer took a galley of type and scrambled it to make a type specimen book. It has survived not only five centuries, but also the leap into electronic typesetting, remaining essentially unchanged. It was popularised in the 1960s with the release of Letraset sheets containing Lorem Ipsum passages, and more recently with desktop publishing software like Aldus PageMaker including versions of Lorem Ipsum.</p>
<!-- /wp:paragraph -->

<!-- wp:heading -->
<h2>Why do we use it?</h2>
<!-- /wp:heading -->

<!-- wp:paragraph -->
<p>It is a long established fact that a reader will be distracted by the readable content of a page when looking at its layout. The point of using Lorem Ipsum is that it has a more-or-less normal distribution of letters, as opposed to using 'Content here, content here', making it look like readable English. Many desktop publishing packages and web page editors now use Lorem Ipsum as their default model text, and a search for 'lorem ipsum' will uncover many web sites still in their infancy. Various versions have evolved over the years, sometimes by accident, sometimes on purpose (injected humour and the like).</p>
<!-- /wp:paragraph -->

<!-- wp:heading -->
<h2>Where does it come from?</h2>
<!-- /wp:heading -->

<!-- wp:paragraph -->
<p>Contrary to popular belief, Lorem Ipsum is not simply random text. It has roots in a piece of classical Latin literature from 45 BC, making it over 2000 years old. Richard McClintock, a Latin professor at Hampden-Sydney College in Virginia, looked up one of the more obscure Latin words, consectetur, from a Lorem Ipsum passage, and going through the cites of the word in classical literature, discovered the undoubtable source. Lorem Ipsum comes from sections 1.10.32 and 1.10.33 of "de Finibus Bonorum et Malorum" (The Extremes of Good and Evil) by Cicero, written in 45 BC. This book is a treatise on the theory of ethics, very popular during the Renaissance. The first line of Lorem Ipsum, "Lorem ipsum dolor sit amet..", comes from a line in section 1.10.32.</p>
<!-- /wp:paragraph -->

<!-- wp:paragraph -->
<p>The standard chunk of Lorem Ipsum used since the 1500s is reproduced below for those interested. Sections 1.10.32 and 1.10.33 from "de Finibus Bonorum et Malorum" by Cicero are also reproduced in their exact original form, accompanied by English versions from the 1914 translation by H. Rackham.</p>
<!-- /wp:paragraph -->

<!-- wp:heading -->
<h2>Where can I get some?</h2>
<!-- /wp:heading -->

<!-- wp:paragraph -->
<p>There are many variations of passages of Lorem Ipsum available, but the majority have suffered alteration in some form, by injected humour, or randomised words which don't look even slightly believable. If you are going to use a passage of Lorem Ipsum, you need to be sure there isn't anything embarrassing hidden in the middle of text. All the Lorem Ipsum generators on the Internet tend to repeat predefined chunks as necessary, making this the first true generator on the Internet. It uses a dictionary of over 200 Latin words, combined with a handful of model sentence structures, to generate Lorem Ipsum which looks reasonable. The generated Lorem Ipsum is therefore always free from repetition, injected humour, or non-characteristic words etc.</p>
<!-- /wp:paragraph -->]]></content:encoded>
		<excerpt:encoded><![CDATA[]]></excerpt:encoded>
		<wp:post_id>17</wp:post_id>
		<wp:post_date><![CDATA[2020-06-06 14:50:09]]></wp:post_date>
		<wp:post_date_gmt><![CDATA[2020-06-06 14:50:09]]></wp:post_date_gmt>
		<wp:comment_status><![CDATA[open]]></wp:comment_status>
		<wp:ping_status><![CDATA[open]]></wp:ping_status>
		<wp:post_name><![CDATA[angelina-jolie-spends-birthday-with-her-kids-donates-to-naacp]]></wp:post_name>
		<wp:status><![CDATA[publish]]></wp:status>
		<wp:post_parent>0</wp:post_parent>
		<wp:menu_order>0</wp:menu_order>
		<wp:post_type><![CDATA[post]]></wp:post_type>
		<wp:post_password><![CDATA[]]></wp:post_password>
		<wp:is_sticky>0</wp:is_sticky>
										<category domain="category" nicename="characters"><![CDATA[Characters]]></category>
		<category domain="category" nicename="movie-news"><![CDATA[Movie News]]></category>
		<category domain="category" nicename="movie-trailer"><![CDATA[Movie Trailer]]></category>
		<category domain="category" nicename="reviews"><![CDATA[Reviews]]></category>
		<category domain="category" nicename="uncategorized"><![CDATA[Uncategorized]]></category>
						<wp:postmeta>
		<wp:meta_key><![CDATA[_edit_last]]></wp:meta_key>
		<wp:meta_value><![CDATA[1]]></wp:meta_value>
		</wp:postmeta>
							<wp:postmeta>
		<wp:meta_key><![CDATA[_thumbnail_id]]></wp:meta_key>
		<wp:meta_value><![CDATA[18]]></wp:meta_value>
		</wp:postmeta>
							<wp:postmeta>
		<wp:meta_key><![CDATA[potter_options]]></wp:meta_key>
		<wp:meta_value><![CDATA[a:1:{i:0;s:13:"layout-global";}]]></wp:meta_value>
		</wp:postmeta>
							<wp:postmeta>
		<wp:meta_key><![CDATA[potter_sidebar_position]]></wp:meta_key>
		<wp:meta_value><![CDATA[global]]></wp:meta_value>
		</wp:postmeta>
							<wp:postmeta>
		<wp:meta_key><![CDATA[ekit_post_views_count]]></wp:meta_key>
		<wp:meta_value><![CDATA[1]]></wp:meta_value>
		</wp:postmeta>
							<wp:postmeta>
		<wp:meta_key><![CDATA[_wp_page_template]]></wp:meta_key>
		<wp:meta_value><![CDATA[default]]></wp:meta_value>
		</wp:postmeta>
							</item>
					<item>
		<title>BB152k48</title>
		<link>https://demos.wppotter.com/movie-blog/2020/06/06/angelina-jolie-spends-birthday-with-her-kids-donates-to-naacp/bb152k48/</link>
		<pubDate>Sat, 06 Jun 2020 14:50:02 +0000</pubDate>
		<dc:creator><![CDATA[wppotter]]></dc:creator>
		<guid isPermaLink="false">https://demos.wppotter.com/movie-blog/wp-content/uploads/sites/13/2020/06/BB152k48.jpeg</guid>
		<description></description>
		<content:encoded><![CDATA[]]></content:encoded>
		<excerpt:encoded><![CDATA[]]></excerpt:encoded>
		<wp:post_id>18</wp:post_id>
		<wp:post_date><![CDATA[2020-06-06 14:50:02]]></wp:post_date>
		<wp:post_date_gmt><![CDATA[2020-06-06 14:50:02]]></wp:post_date_gmt>
		<wp:comment_status><![CDATA[open]]></wp:comment_status>
		<wp:ping_status><![CDATA[closed]]></wp:ping_status>
		<wp:post_name><![CDATA[bb152k48]]></wp:post_name>
		<wp:status><![CDATA[inherit]]></wp:status>
		<wp:post_parent>17</wp:post_parent>
		<wp:menu_order>0</wp:menu_order>
		<wp:post_type><![CDATA[attachment]]></wp:post_type>
		<wp:post_password><![CDATA[]]></wp:post_password>
		<wp:is_sticky>0</wp:is_sticky>
						<wp:attachment_url><![CDATA[https://demos.wppotter.com/movie-blog/wp-content/uploads/sites/13/2020/06/BB152k48.jpeg]]></wp:attachment_url>
											<wp:postmeta>
		<wp:meta_key><![CDATA[_wp_attached_file]]></wp:meta_key>
		<wp:meta_value><![CDATA[2020/06/BB152k48.jpeg]]></wp:meta_value>
		</wp:postmeta>
							<wp:postmeta>
		<wp:meta_key><![CDATA[_wp_attachment_metadata]]></wp:meta_key>
		<wp:meta_value><![CDATA[a:5:{s:5:"width";i:799;s:6:"height";i:1221;s:4:"file";s:21:"2020/06/BB152k48.jpeg";s:5:"sizes";a:9:{s:6:"medium";a:4:{s:4:"file";s:21:"BB152k48-196x300.jpeg";s:5:"width";i:196;s:6:"height";i:300;s:9:"mime-type";s:10:"image/jpeg";}s:5:"large";a:4:{s:4:"file";s:22:"BB152k48-670x1024.jpeg";s:5:"width";i:670;s:6:"height";i:1024;s:9:"mime-type";s:10:"image/jpeg";}s:9:"thumbnail";a:4:{s:4:"file";s:21:"BB152k48-150x150.jpeg";s:5:"width";i:150;s:6:"height";i:150;s:9:"mime-type";s:10:"image/jpeg";}s:12:"medium_large";a:4:{s:4:"file";s:22:"BB152k48-768x1174.jpeg";s:5:"width";i:768;s:6:"height";i:1174;s:9:"mime-type";s:10:"image/jpeg";}s:14:"post-thumbnail";a:4:{s:4:"file";s:21:"BB152k48-157x240.jpeg";s:5:"width";i:157;s:6:"height";i:240;s:9:"mime-type";s:10:"image/jpeg";}s:21:"potter-homepage-thumb";a:4:{s:4:"file";s:21:"BB152k48-220x180.jpeg";s:5:"width";i:220;s:6:"height";i:180;s:9:"mime-type";s:10:"image/jpeg";}s:21:"potter-fullpage-thumb";a:4:{s:4:"file";s:21:"BB152k48-799x800.jpeg";s:5:"width";i:799;s:6:"height";i:800;s:9:"mime-type";s:10:"image/jpeg";}s:21:"potter-postpage-thumb";a:4:{s:4:"file";s:21:"BB152k48-799x600.jpeg";s:5:"width";i:799;s:6:"height";i:600;s:9:"mime-type";s:10:"image/jpeg";}s:25:"potter-archive-list-thumb";a:4:{s:4:"file";s:21:"BB152k48-799x800.jpeg";s:5:"width";i:799;s:6:"height";i:800;s:9:"mime-type";s:10:"image/jpeg";}}s:10:"image_meta";a:12:{s:8:"aperture";s:1:"0";s:6:"credit";s:0:"";s:6:"camera";s:0:"";s:7:"caption";s:0:"";s:17:"created_timestamp";s:1:"0";s:9:"copyright";s:0:"";s:12:"focal_length";s:1:"0";s:3:"iso";s:1:"0";s:13:"shutter_speed";s:1:"0";s:5:"title";s:0:"";s:11:"orientation";s:1:"0";s:8:"keywords";a:0:{}}}]]></wp:meta_value>
		</wp:postmeta>
							</item>
					<item>
		<title>dynamic-content-megamenu-menuitem</title>
		<link>https://demos.wppotter.com/movie-blog/elementskit-content/dynamic-content-megamenu-menuitem/</link>
		<pubDate>Sat, 06 Jun 2020 14:52:02 +0000</pubDate>
		<dc:creator><![CDATA[]]></dc:creator>
		<guid isPermaLink="false">https://demos.wppotter.com/movie-blog/elementskit-content/dynamic-content-megamenu-menuitem/</guid>
		<description></description>
		<content:encoded><![CDATA[]]></content:encoded>
		<excerpt:encoded><![CDATA[]]></excerpt:encoded>
		<wp:post_id>21</wp:post_id>
		<wp:post_date><![CDATA[2020-06-06 14:52:02]]></wp:post_date>
		<wp:post_date_gmt><![CDATA[2020-06-06 14:52:02]]></wp:post_date_gmt>
		<wp:comment_status><![CDATA[closed]]></wp:comment_status>
		<wp:ping_status><![CDATA[closed]]></wp:ping_status>
		<wp:post_name><![CDATA[dynamic-content-megamenu-menuitem]]></wp:post_name>
		<wp:status><![CDATA[publish]]></wp:status>
		<wp:post_parent>0</wp:post_parent>
		<wp:menu_order>0</wp:menu_order>
		<wp:post_type><![CDATA[elementskit_content]]></wp:post_type>
		<wp:post_password><![CDATA[]]></wp:post_password>
		<wp:is_sticky>0</wp:is_sticky>
														<wp:postmeta>
		<wp:meta_key><![CDATA[_wp_page_template]]></wp:meta_key>
		<wp:meta_value><![CDATA[elementor_canvas]]></wp:meta_value>
		</wp:postmeta>
							<wp:postmeta>
		<wp:meta_key><![CDATA[_elementor_edit_mode]]></wp:meta_key>
		<wp:meta_value><![CDATA[builder]]></wp:meta_value>
		</wp:postmeta>
							<wp:postmeta>
		<wp:meta_key><![CDATA[_elementor_template_type]]></wp:meta_key>
		<wp:meta_value><![CDATA[wp-post]]></wp:meta_value>
		</wp:postmeta>
							<wp:postmeta>
		<wp:meta_key><![CDATA[_elementor_version]]></wp:meta_key>
		<wp:meta_value><![CDATA[2.9.11]]></wp:meta_value>
		</wp:postmeta>
							</item>
					<item>
		<title>Every single Angelina Jolie movie, ranked</title>
		<link>https://demos.wppotter.com/movie-blog/2020/06/06/every-single-angelina-jolie-movie-ranked/</link>
		<pubDate>Sat, 06 Jun 2020 14:53:17 +0000</pubDate>
		<dc:creator><![CDATA[wppotter]]></dc:creator>
		<guid isPermaLink="false">https://demos.wppotter.com/movie-blog/?p=22</guid>
		<description></description>
		<content:encoded><![CDATA[<!-- wp:heading -->
<h2>What is Lorem Ipsum?</h2>
<!-- /wp:heading -->

<!-- wp:paragraph -->
<p><strong>Lorem Ipsum</strong>&nbsp;is simply dummy text of the printing and typesetting industry. Lorem Ipsum has been the industry's standard dummy text ever since the 1500s, when an unknown printer took a galley of type and scrambled it to make a type specimen book. It has survived not only five centuries, but also the leap into electronic typesetting, remaining essentially unchanged. It was popularised in the 1960s with the release of Letraset sheets containing Lorem Ipsum passages, and more recently with desktop publishing software like Aldus PageMaker including versions of Lorem Ipsum.</p>
<!-- /wp:paragraph -->

<!-- wp:heading -->
<h2>Why do we use it?</h2>
<!-- /wp:heading -->

<!-- wp:paragraph -->
<p>It is a long established fact that a reader will be distracted by the readable content of a page when looking at its layout. The point of using Lorem Ipsum is that it has a more-or-less normal distribution of letters, as opposed to using 'Content here, content here', making it look like readable English. Many desktop publishing packages and web page editors now use Lorem Ipsum as their default model text, and a search for 'lorem ipsum' will uncover many web sites still in their infancy. Various versions have evolved over the years, sometimes by accident, sometimes on purpose (injected humour and the like).</p>
<!-- /wp:paragraph -->

<!-- wp:heading -->
<h2>Where does it come from?</h2>
<!-- /wp:heading -->

<!-- wp:paragraph -->
<p>Contrary to popular belief, Lorem Ipsum is not simply random text. It has roots in a piece of classical Latin literature from 45 BC, making it over 2000 years old. Richard McClintock, a Latin professor at Hampden-Sydney College in Virginia, looked up one of the more obscure Latin words, consectetur, from a Lorem Ipsum passage, and going through the cites of the word in classical literature, discovered the undoubtable source. Lorem Ipsum comes from sections 1.10.32 and 1.10.33 of "de Finibus Bonorum et Malorum" (The Extremes of Good and Evil) by Cicero, written in 45 BC. This book is a treatise on the theory of ethics, very popular during the Renaissance. The first line of Lorem Ipsum, "Lorem ipsum dolor sit amet..", comes from a line in section 1.10.32.</p>
<!-- /wp:paragraph -->

<!-- wp:paragraph -->
<p>The standard chunk of Lorem Ipsum used since the 1500s is reproduced below for those interested. Sections 1.10.32 and 1.10.33 from "de Finibus Bonorum et Malorum" by Cicero are also reproduced in their exact original form, accompanied by English versions from the 1914 translation by H. Rackham.</p>
<!-- /wp:paragraph -->

<!-- wp:heading -->
<h2>Where can I get some?</h2>
<!-- /wp:heading -->

<!-- wp:paragraph -->
<p>There are many variations of passages of Lorem Ipsum available, but the majority have suffered alteration in some form, by injected humour, or randomised words which don't look even slightly believable. If you are going to use a passage of Lorem Ipsum, you need to be sure there isn't anything embarrassing hidden in the middle of text. All the Lorem Ipsum generators on the Internet tend to repeat predefined chunks as necessary, making this the first true generator on the Internet. It uses a dictionary of over 200 Latin words, combined with a handful of model sentence structures, to generate Lorem Ipsum which looks reasonable. The generated Lorem Ipsum is therefore always free from repetition, injected humour, or non-characteristic words etc.</p>
<!-- /wp:paragraph -->]]></content:encoded>
		<excerpt:encoded><![CDATA[]]></excerpt:encoded>
		<wp:post_id>22</wp:post_id>
		<wp:post_date><![CDATA[2020-06-06 14:53:17]]></wp:post_date>
		<wp:post_date_gmt><![CDATA[2020-06-06 14:53:17]]></wp:post_date_gmt>
		<wp:comment_status><![CDATA[open]]></wp:comment_status>
		<wp:ping_status><![CDATA[open]]></wp:ping_status>
		<wp:post_name><![CDATA[every-single-angelina-jolie-movie-ranked]]></wp:post_name>
		<wp:status><![CDATA[publish]]></wp:status>
		<wp:post_parent>0</wp:post_parent>
		<wp:menu_order>0</wp:menu_order>
		<wp:post_type><![CDATA[post]]></wp:post_type>
		<wp:post_password><![CDATA[]]></wp:post_password>
		<wp:is_sticky>0</wp:is_sticky>
										<category domain="category" nicename="characters"><![CDATA[Characters]]></category>
		<category domain="category" nicename="movie-news"><![CDATA[Movie News]]></category>
		<category domain="category" nicename="movie-trailer"><![CDATA[Movie Trailer]]></category>
		<category domain="category" nicename="reviews"><![CDATA[Reviews]]></category>
		<category domain="category" nicename="uncategorized"><![CDATA[Uncategorized]]></category>
						<wp:postmeta>
		<wp:meta_key><![CDATA[_edit_last]]></wp:meta_key>
		<wp:meta_value><![CDATA[1]]></wp:meta_value>
		</wp:postmeta>
							<wp:postmeta>
		<wp:meta_key><![CDATA[_thumbnail_id]]></wp:meta_key>
		<wp:meta_value><![CDATA[23]]></wp:meta_value>
		</wp:postmeta>
							<wp:postmeta>
		<wp:meta_key><![CDATA[potter_options]]></wp:meta_key>
		<wp:meta_value><![CDATA[a:1:{i:0;s:13:"layout-global";}]]></wp:meta_value>
		</wp:postmeta>
							<wp:postmeta>
		<wp:meta_key><![CDATA[potter_sidebar_position]]></wp:meta_key>
		<wp:meta_value><![CDATA[global]]></wp:meta_value>
		</wp:postmeta>
							<wp:postmeta>
		<wp:meta_key><![CDATA[ekit_post_views_count]]></wp:meta_key>
		<wp:meta_value><![CDATA[2]]></wp:meta_value>
		</wp:postmeta>
							<wp:postmeta>
		<wp:meta_key><![CDATA[_wp_page_template]]></wp:meta_key>
		<wp:meta_value><![CDATA[default]]></wp:meta_value>
		</wp:postmeta>
							</item>
					<item>
		<title>BB13edKO</title>
		<link>https://demos.wppotter.com/movie-blog/2020/06/06/every-single-angelina-jolie-movie-ranked/bb13edko/</link>
		<pubDate>Sat, 06 Jun 2020 14:53:06 +0000</pubDate>
		<dc:creator><![CDATA[wppotter]]></dc:creator>
		<guid isPermaLink="false">https://demos.wppotter.com/movie-blog/wp-content/uploads/sites/13/2020/06/BB13edKO.jpeg</guid>
		<description></description>
		<content:encoded><![CDATA[]]></content:encoded>
		<excerpt:encoded><![CDATA[]]></excerpt:encoded>
		<wp:post_id>23</wp:post_id>
		<wp:post_date><![CDATA[2020-06-06 14:53:06]]></wp:post_date>
		<wp:post_date_gmt><![CDATA[2020-06-06 14:53:06]]></wp:post_date_gmt>
		<wp:comment_status><![CDATA[open]]></wp:comment_status>
		<wp:ping_status><![CDATA[closed]]></wp:ping_status>
		<wp:post_name><![CDATA[bb13edko]]></wp:post_name>
		<wp:status><![CDATA[inherit]]></wp:status>
		<wp:post_parent>22</wp:post_parent>
		<wp:menu_order>0</wp:menu_order>
		<wp:post_type><![CDATA[attachment]]></wp:post_type>
		<wp:post_password><![CDATA[]]></wp:post_password>
		<wp:is_sticky>0</wp:is_sticky>
						<wp:attachment_url><![CDATA[https://demos.wppotter.com/movie-blog/wp-content/uploads/sites/13/2020/06/BB13edKO.jpeg]]></wp:attachment_url>
											<wp:postmeta>
		<wp:meta_key><![CDATA[_wp_attached_file]]></wp:meta_key>
		<wp:meta_value><![CDATA[2020/06/BB13edKO.jpeg]]></wp:meta_value>
		</wp:postmeta>
							<wp:postmeta>
		<wp:meta_key><![CDATA[_wp_attachment_metadata]]></wp:meta_key>
		<wp:meta_value><![CDATA[a:5:{s:5:"width";i:555;s:6:"height";i:416;s:4:"file";s:21:"2020/06/BB13edKO.jpeg";s:5:"sizes";a:4:{s:6:"medium";a:4:{s:4:"file";s:21:"BB13edKO-300x225.jpeg";s:5:"width";i:300;s:6:"height";i:225;s:9:"mime-type";s:10:"image/jpeg";}s:9:"thumbnail";a:4:{s:4:"file";s:21:"BB13edKO-150x150.jpeg";s:5:"width";i:150;s:6:"height";i:150;s:9:"mime-type";s:10:"image/jpeg";}s:14:"post-thumbnail";a:4:{s:4:"file";s:21:"BB13edKO-320x240.jpeg";s:5:"width";i:320;s:6:"height";i:240;s:9:"mime-type";s:10:"image/jpeg";}s:21:"potter-homepage-thumb";a:4:{s:4:"file";s:21:"BB13edKO-220x180.jpeg";s:5:"width";i:220;s:6:"height";i:180;s:9:"mime-type";s:10:"image/jpeg";}}s:10:"image_meta";a:12:{s:8:"aperture";s:1:"0";s:6:"credit";s:0:"";s:6:"camera";s:0:"";s:7:"caption";s:0:"";s:17:"created_timestamp";s:1:"0";s:9:"copyright";s:0:"";s:12:"focal_length";s:1:"0";s:3:"iso";s:1:"0";s:13:"shutter_speed";s:1:"0";s:5:"title";s:0:"";s:11:"orientation";s:1:"0";s:8:"keywords";a:0:{}}}]]></wp:meta_value>
		</wp:postmeta>
							</item>
					<item>
		<title>BB11fwbJ</title>
		<link>https://demos.wppotter.com/movie-blog/2020/06/06/major-uk-studios-begin-opening-their-doors-again-after-going-dark-during-the-coronavirus-crisis/bb11fwbj/</link>
		<pubDate>Sat, 06 Jun 2020 14:54:35 +0000</pubDate>
		<dc:creator><![CDATA[wppotter]]></dc:creator>
		<guid isPermaLink="false">https://demos.wppotter.com/movie-blog/wp-content/uploads/sites/13/2020/06/BB11fwbJ.jpeg</guid>
		<description></description>
		<content:encoded><![CDATA[]]></content:encoded>
		<excerpt:encoded><![CDATA[]]></excerpt:encoded>
		<wp:post_id>26</wp:post_id>
		<wp:post_date><![CDATA[2020-06-06 14:54:35]]></wp:post_date>
		<wp:post_date_gmt><![CDATA[2020-06-06 14:54:35]]></wp:post_date_gmt>
		<wp:comment_status><![CDATA[open]]></wp:comment_status>
		<wp:ping_status><![CDATA[closed]]></wp:ping_status>
		<wp:post_name><![CDATA[bb11fwbj]]></wp:post_name>
		<wp:status><![CDATA[inherit]]></wp:status>
		<wp:post_parent>25</wp:post_parent>
		<wp:menu_order>0</wp:menu_order>
		<wp:post_type><![CDATA[attachment]]></wp:post_type>
		<wp:post_password><![CDATA[]]></wp:post_password>
		<wp:is_sticky>0</wp:is_sticky>
						<wp:attachment_url><![CDATA[https://demos.wppotter.com/movie-blog/wp-content/uploads/sites/13/2020/06/BB11fwbJ.jpeg]]></wp:attachment_url>
											<wp:postmeta>
		<wp:meta_key><![CDATA[_wp_attached_file]]></wp:meta_key>
		<wp:meta_value><![CDATA[2020/06/BB11fwbJ.jpeg]]></wp:meta_value>
		</wp:postmeta>
							<wp:postmeta>
		<wp:meta_key><![CDATA[_wp_attachment_metadata]]></wp:meta_key>
		<wp:meta_value><![CDATA[a:5:{s:5:"width";i:799;s:6:"height";i:449;s:4:"file";s:21:"2020/06/BB11fwbJ.jpeg";s:5:"sizes";a:5:{s:6:"medium";a:4:{s:4:"file";s:21:"BB11fwbJ-300x169.jpeg";s:5:"width";i:300;s:6:"height";i:169;s:9:"mime-type";s:10:"image/jpeg";}s:9:"thumbnail";a:4:{s:4:"file";s:21:"BB11fwbJ-150x150.jpeg";s:5:"width";i:150;s:6:"height";i:150;s:9:"mime-type";s:10:"image/jpeg";}s:12:"medium_large";a:4:{s:4:"file";s:21:"BB11fwbJ-768x432.jpeg";s:5:"width";i:768;s:6:"height";i:432;s:9:"mime-type";s:10:"image/jpeg";}s:14:"post-thumbnail";a:4:{s:4:"file";s:21:"BB11fwbJ-427x240.jpeg";s:5:"width";i:427;s:6:"height";i:240;s:9:"mime-type";s:10:"image/jpeg";}s:21:"potter-homepage-thumb";a:4:{s:4:"file";s:21:"BB11fwbJ-220x180.jpeg";s:5:"width";i:220;s:6:"height";i:180;s:9:"mime-type";s:10:"image/jpeg";}}s:10:"image_meta";a:12:{s:8:"aperture";s:1:"0";s:6:"credit";s:0:"";s:6:"camera";s:0:"";s:7:"caption";s:0:"";s:17:"created_timestamp";s:1:"0";s:9:"copyright";s:0:"";s:12:"focal_length";s:1:"0";s:3:"iso";s:1:"0";s:13:"shutter_speed";s:1:"0";s:5:"title";s:0:"";s:11:"orientation";s:1:"0";s:8:"keywords";a:0:{}}}]]></wp:meta_value>
		</wp:postmeta>
							</item>
					<item>
		<title>BB14Jmno</title>
		<link>https://demos.wppotter.com/movie-blog/2020/06/06/bruce-lee-gets-the-30-for-30-treatment-in-espns-be-water-watch-the-trailer/bb14jmno/</link>
		<pubDate>Sat, 06 Jun 2020 14:56:29 +0000</pubDate>
		<dc:creator><![CDATA[wppotter]]></dc:creator>
		<guid isPermaLink="false">https://demos.wppotter.com/movie-blog/wp-content/uploads/sites/13/2020/06/BB14Jmno.jpeg</guid>
		<description></description>
		<content:encoded><![CDATA[]]></content:encoded>
		<excerpt:encoded><![CDATA[]]></excerpt:encoded>
		<wp:post_id>29</wp:post_id>
		<wp:post_date><![CDATA[2020-06-06 14:56:29]]></wp:post_date>
		<wp:post_date_gmt><![CDATA[2020-06-06 14:56:29]]></wp:post_date_gmt>
		<wp:comment_status><![CDATA[open]]></wp:comment_status>
		<wp:ping_status><![CDATA[closed]]></wp:ping_status>
		<wp:post_name><![CDATA[bb14jmno]]></wp:post_name>
		<wp:status><![CDATA[inherit]]></wp:status>
		<wp:post_parent>28</wp:post_parent>
		<wp:menu_order>0</wp:menu_order>
		<wp:post_type><![CDATA[attachment]]></wp:post_type>
		<wp:post_password><![CDATA[]]></wp:post_password>
		<wp:is_sticky>0</wp:is_sticky>
						<wp:attachment_url><![CDATA[https://demos.wppotter.com/movie-blog/wp-content/uploads/sites/13/2020/06/BB14Jmno.jpeg]]></wp:attachment_url>
											<wp:postmeta>
		<wp:meta_key><![CDATA[_wp_attached_file]]></wp:meta_key>
		<wp:meta_value><![CDATA[2020/06/BB14Jmno.jpeg]]></wp:meta_value>
		</wp:postmeta>
							<wp:postmeta>
		<wp:meta_key><![CDATA[_wp_attachment_metadata]]></wp:meta_key>
		<wp:meta_value><![CDATA[a:5:{s:5:"width";i:799;s:6:"height";i:449;s:4:"file";s:21:"2020/06/BB14Jmno.jpeg";s:5:"sizes";a:5:{s:6:"medium";a:4:{s:4:"file";s:21:"BB14Jmno-300x169.jpeg";s:5:"width";i:300;s:6:"height";i:169;s:9:"mime-type";s:10:"image/jpeg";}s:9:"thumbnail";a:4:{s:4:"file";s:21:"BB14Jmno-150x150.jpeg";s:5:"width";i:150;s:6:"height";i:150;s:9:"mime-type";s:10:"image/jpeg";}s:12:"medium_large";a:4:{s:4:"file";s:21:"BB14Jmno-768x432.jpeg";s:5:"width";i:768;s:6:"height";i:432;s:9:"mime-type";s:10:"image/jpeg";}s:14:"post-thumbnail";a:4:{s:4:"file";s:21:"BB14Jmno-427x240.jpeg";s:5:"width";i:427;s:6:"height";i:240;s:9:"mime-type";s:10:"image/jpeg";}s:21:"potter-homepage-thumb";a:4:{s:4:"file";s:21:"BB14Jmno-220x180.jpeg";s:5:"width";i:220;s:6:"height";i:180;s:9:"mime-type";s:10:"image/jpeg";}}s:10:"image_meta";a:12:{s:8:"aperture";s:1:"0";s:6:"credit";s:0:"";s:6:"camera";s:0:"";s:7:"caption";s:0:"";s:17:"created_timestamp";s:1:"0";s:9:"copyright";s:0:"";s:12:"focal_length";s:1:"0";s:3:"iso";s:1:"0";s:13:"shutter_speed";s:1:"0";s:5:"title";s:0:"";s:11:"orientation";s:1:"0";s:8:"keywords";a:0:{}}}]]></wp:meta_value>
		</wp:postmeta>
							</item>
					<item>
		<title>BB14GkUD</title>
		<link>https://demos.wppotter.com/movie-blog/2020/06/06/disneys-secret-society-of-second-born-royals-gets-action-packed-first-trailer-and-premiere-date/bb14gkud/</link>
		<pubDate>Sat, 06 Jun 2020 14:58:46 +0000</pubDate>
		<dc:creator><![CDATA[wppotter]]></dc:creator>
		<guid isPermaLink="false">https://demos.wppotter.com/movie-blog/wp-content/uploads/sites/13/2020/06/BB14GkUD.jpeg</guid>
		<description></description>
		<content:encoded><![CDATA[]]></content:encoded>
		<excerpt:encoded><![CDATA[]]></excerpt:encoded>
		<wp:post_id>32</wp:post_id>
		<wp:post_date><![CDATA[2020-06-06 14:58:46]]></wp:post_date>
		<wp:post_date_gmt><![CDATA[2020-06-06 14:58:46]]></wp:post_date_gmt>
		<wp:comment_status><![CDATA[open]]></wp:comment_status>
		<wp:ping_status><![CDATA[closed]]></wp:ping_status>
		<wp:post_name><![CDATA[bb14gkud]]></wp:post_name>
		<wp:status><![CDATA[inherit]]></wp:status>
		<wp:post_parent>31</wp:post_parent>
		<wp:menu_order>0</wp:menu_order>
		<wp:post_type><![CDATA[attachment]]></wp:post_type>
		<wp:post_password><![CDATA[]]></wp:post_password>
		<wp:is_sticky>0</wp:is_sticky>
						<wp:attachment_url><![CDATA[https://demos.wppotter.com/movie-blog/wp-content/uploads/sites/13/2020/06/BB14GkUD.jpeg]]></wp:attachment_url>
											<wp:postmeta>
		<wp:meta_key><![CDATA[_wp_attached_file]]></wp:meta_key>
		<wp:meta_value><![CDATA[2020/06/BB14GkUD.jpeg]]></wp:meta_value>
		</wp:postmeta>
							<wp:postmeta>
		<wp:meta_key><![CDATA[_wp_attachment_metadata]]></wp:meta_key>
		<wp:meta_value><![CDATA[a:5:{s:5:"width";i:799;s:6:"height";i:533;s:4:"file";s:21:"2020/06/BB14GkUD.jpeg";s:5:"sizes";a:5:{s:6:"medium";a:4:{s:4:"file";s:21:"BB14GkUD-300x200.jpeg";s:5:"width";i:300;s:6:"height";i:200;s:9:"mime-type";s:10:"image/jpeg";}s:9:"thumbnail";a:4:{s:4:"file";s:21:"BB14GkUD-150x150.jpeg";s:5:"width";i:150;s:6:"height";i:150;s:9:"mime-type";s:10:"image/jpeg";}s:12:"medium_large";a:4:{s:4:"file";s:21:"BB14GkUD-768x512.jpeg";s:5:"width";i:768;s:6:"height";i:512;s:9:"mime-type";s:10:"image/jpeg";}s:14:"post-thumbnail";a:4:{s:4:"file";s:21:"BB14GkUD-360x240.jpeg";s:5:"width";i:360;s:6:"height";i:240;s:9:"mime-type";s:10:"image/jpeg";}s:21:"potter-homepage-thumb";a:4:{s:4:"file";s:21:"BB14GkUD-220x180.jpeg";s:5:"width";i:220;s:6:"height";i:180;s:9:"mime-type";s:10:"image/jpeg";}}s:10:"image_meta";a:12:{s:8:"aperture";s:1:"0";s:6:"credit";s:0:"";s:6:"camera";s:0:"";s:7:"caption";s:0:"";s:17:"created_timestamp";s:1:"0";s:9:"copyright";s:0:"";s:12:"focal_length";s:1:"0";s:3:"iso";s:1:"0";s:13:"shutter_speed";s:1:"0";s:5:"title";s:0:"";s:11:"orientation";s:1:"0";s:8:"keywords";a:0:{}}}]]></wp:meta_value>
		</wp:postmeta>
							</item>
					<item>
		<title>Home</title>
		<link>https://demos.wppotter.com/movie-blog/2020/06/06/home/</link>
		<pubDate>Sat, 06 Jun 2020 15:11:15 +0000</pubDate>
		<dc:creator><![CDATA[wppotter]]></dc:creator>
		<guid isPermaLink="false">https://demos.wppotter.com/movie-blog/2020/06/06/home/</guid>
		<description></description>
		<content:encoded><![CDATA[]]></content:encoded>
		<excerpt:encoded><![CDATA[]]></excerpt:encoded>
		<wp:post_id>36</wp:post_id>
		<wp:post_date><![CDATA[2020-06-06 15:11:15]]></wp:post_date>
		<wp:post_date_gmt><![CDATA[2020-06-06 15:11:15]]></wp:post_date_gmt>
		<wp:comment_status><![CDATA[closed]]></wp:comment_status>
		<wp:ping_status><![CDATA[closed]]></wp:ping_status>
		<wp:post_name><![CDATA[home]]></wp:post_name>
		<wp:status><![CDATA[publish]]></wp:status>
		<wp:post_parent>0</wp:post_parent>
		<wp:menu_order>1</wp:menu_order>
		<wp:post_type><![CDATA[nav_menu_item]]></wp:post_type>
		<wp:post_password><![CDATA[]]></wp:post_password>
		<wp:is_sticky>0</wp:is_sticky>
										<category domain="nav_menu" nicename="main"><![CDATA[Main]]></category>
						<wp:postmeta>
		<wp:meta_key><![CDATA[_menu_item_type]]></wp:meta_key>
		<wp:meta_value><![CDATA[custom]]></wp:meta_value>
		</wp:postmeta>
							<wp:postmeta>
		<wp:meta_key><![CDATA[_menu_item_menu_item_parent]]></wp:meta_key>
		<wp:meta_value><![CDATA[0]]></wp:meta_value>
		</wp:postmeta>
							<wp:postmeta>
		<wp:meta_key><![CDATA[_menu_item_object_id]]></wp:meta_key>
		<wp:meta_value><![CDATA[36]]></wp:meta_value>
		</wp:postmeta>
							<wp:postmeta>
		<wp:meta_key><![CDATA[_menu_item_object]]></wp:meta_key>
		<wp:meta_value><![CDATA[custom]]></wp:meta_value>
		</wp:postmeta>
							<wp:postmeta>
		<wp:meta_key><![CDATA[_menu_item_target]]></wp:meta_key>
		<wp:meta_value><![CDATA[]]></wp:meta_value>
		</wp:postmeta>
							<wp:postmeta>
		<wp:meta_key><![CDATA[_menu_item_classes]]></wp:meta_key>
		<wp:meta_value><![CDATA[a:1:{i:0;s:0:"";}]]></wp:meta_value>
		</wp:postmeta>
							<wp:postmeta>
		<wp:meta_key><![CDATA[_menu_item_xfn]]></wp:meta_key>
		<wp:meta_value><![CDATA[]]></wp:meta_value>
		</wp:postmeta>
							<wp:postmeta>
		<wp:meta_key><![CDATA[_menu_item_url]]></wp:meta_key>
		<wp:meta_value><![CDATA[https://demos.wppotter.com/movie-blog]]></wp:meta_value>
		</wp:postmeta>
							</item>
					<item>
		<title></title>
		<link>https://demos.wppotter.com/movie-blog/2020/06/06/37/</link>
		<pubDate>Sat, 06 Jun 2020 15:11:15 +0000</pubDate>
		<dc:creator><![CDATA[wppotter]]></dc:creator>
		<guid isPermaLink="false">https://demos.wppotter.com/movie-blog/2020/06/06/37/</guid>
		<description></description>
		<content:encoded><![CDATA[ ]]></content:encoded>
		<excerpt:encoded><![CDATA[]]></excerpt:encoded>
		<wp:post_id>37</wp:post_id>
		<wp:post_date><![CDATA[2020-06-06 15:11:15]]></wp:post_date>
		<wp:post_date_gmt><![CDATA[2020-06-06 15:11:15]]></wp:post_date_gmt>
		<wp:comment_status><![CDATA[closed]]></wp:comment_status>
		<wp:ping_status><![CDATA[closed]]></wp:ping_status>
		<wp:post_name><![CDATA[37]]></wp:post_name>
		<wp:status><![CDATA[publish]]></wp:status>
		<wp:post_parent>0</wp:post_parent>
		<wp:menu_order>2</wp:menu_order>
		<wp:post_type><![CDATA[nav_menu_item]]></wp:post_type>
		<wp:post_password><![CDATA[]]></wp:post_password>
		<wp:is_sticky>0</wp:is_sticky>
										<category domain="nav_menu" nicename="main"><![CDATA[Main]]></category>
						<wp:postmeta>
		<wp:meta_key><![CDATA[_menu_item_type]]></wp:meta_key>
		<wp:meta_value><![CDATA[taxonomy]]></wp:meta_value>
		</wp:postmeta>
							<wp:postmeta>
		<wp:meta_key><![CDATA[_menu_item_menu_item_parent]]></wp:meta_key>
		<wp:meta_value><![CDATA[0]]></wp:meta_value>
		</wp:postmeta>
							<wp:postmeta>
		<wp:meta_key><![CDATA[_menu_item_object_id]]></wp:meta_key>
		<wp:meta_value><![CDATA[3]]></wp:meta_value>
		</wp:postmeta>
							<wp:postmeta>
		<wp:meta_key><![CDATA[_menu_item_object]]></wp:meta_key>
		<wp:meta_value><![CDATA[category]]></wp:meta_value>
		</wp:postmeta>
							<wp:postmeta>
		<wp:meta_key><![CDATA[_menu_item_target]]></wp:meta_key>
		<wp:meta_value><![CDATA[]]></wp:meta_value>
		</wp:postmeta>
							<wp:postmeta>
		<wp:meta_key><![CDATA[_menu_item_classes]]></wp:meta_key>
		<wp:meta_value><![CDATA[a:1:{i:0;s:0:"";}]]></wp:meta_value>
		</wp:postmeta>
							<wp:postmeta>
		<wp:meta_key><![CDATA[_menu_item_xfn]]></wp:meta_key>
		<wp:meta_value><![CDATA[]]></wp:meta_value>
		</wp:postmeta>
							<wp:postmeta>
		<wp:meta_key><![CDATA[_menu_item_url]]></wp:meta_key>
		<wp:meta_value><![CDATA[]]></wp:meta_value>
		</wp:postmeta>
							</item>
					<item>
		<title></title>
		<link>https://demos.wppotter.com/movie-blog/2020/06/06/38/</link>
		<pubDate>Sat, 06 Jun 2020 15:11:15 +0000</pubDate>
		<dc:creator><![CDATA[wppotter]]></dc:creator>
		<guid isPermaLink="false">https://demos.wppotter.com/movie-blog/2020/06/06/38/</guid>
		<description></description>
		<content:encoded><![CDATA[ ]]></content:encoded>
		<excerpt:encoded><![CDATA[]]></excerpt:encoded>
		<wp:post_id>38</wp:post_id>
		<wp:post_date><![CDATA[2020-06-06 15:11:15]]></wp:post_date>
		<wp:post_date_gmt><![CDATA[2020-06-06 15:11:15]]></wp:post_date_gmt>
		<wp:comment_status><![CDATA[closed]]></wp:comment_status>
		<wp:ping_status><![CDATA[closed]]></wp:ping_status>
		<wp:post_name><![CDATA[38]]></wp:post_name>
		<wp:status><![CDATA[publish]]></wp:status>
		<wp:post_parent>0</wp:post_parent>
		<wp:menu_order>3</wp:menu_order>
		<wp:post_type><![CDATA[nav_menu_item]]></wp:post_type>
		<wp:post_password><![CDATA[]]></wp:post_password>
		<wp:is_sticky>0</wp:is_sticky>
										<category domain="nav_menu" nicename="main"><![CDATA[Main]]></category>
						<wp:postmeta>
		<wp:meta_key><![CDATA[_menu_item_type]]></wp:meta_key>
		<wp:meta_value><![CDATA[taxonomy]]></wp:meta_value>
		</wp:postmeta>
							<wp:postmeta>
		<wp:meta_key><![CDATA[_menu_item_menu_item_parent]]></wp:meta_key>
		<wp:meta_value><![CDATA[0]]></wp:meta_value>
		</wp:postmeta>
							<wp:postmeta>
		<wp:meta_key><![CDATA[_menu_item_object_id]]></wp:meta_key>
		<wp:meta_value><![CDATA[4]]></wp:meta_value>
		</wp:postmeta>
							<wp:postmeta>
		<wp:meta_key><![CDATA[_menu_item_object]]></wp:meta_key>
		<wp:meta_value><![CDATA[category]]></wp:meta_value>
		</wp:postmeta>
							<wp:postmeta>
		<wp:meta_key><![CDATA[_menu_item_target]]></wp:meta_key>
		<wp:meta_value><![CDATA[]]></wp:meta_value>
		</wp:postmeta>
							<wp:postmeta>
		<wp:meta_key><![CDATA[_menu_item_classes]]></wp:meta_key>
		<wp:meta_value><![CDATA[a:1:{i:0;s:0:"";}]]></wp:meta_value>
		</wp:postmeta>
							<wp:postmeta>
		<wp:meta_key><![CDATA[_menu_item_xfn]]></wp:meta_key>
		<wp:meta_value><![CDATA[]]></wp:meta_value>
		</wp:postmeta>
							<wp:postmeta>
		<wp:meta_key><![CDATA[_menu_item_url]]></wp:meta_key>
		<wp:meta_value><![CDATA[]]></wp:meta_value>
		</wp:postmeta>
							</item>
					<item>
		<title></title>
		<link>https://demos.wppotter.com/movie-blog/2020/06/06/39/</link>
		<pubDate>Sat, 06 Jun 2020 15:11:15 +0000</pubDate>
		<dc:creator><![CDATA[wppotter]]></dc:creator>
		<guid isPermaLink="false">https://demos.wppotter.com/movie-blog/2020/06/06/39/</guid>
		<description></description>
		<content:encoded><![CDATA[ ]]></content:encoded>
		<excerpt:encoded><![CDATA[]]></excerpt:encoded>
		<wp:post_id>39</wp:post_id>
		<wp:post_date><![CDATA[2020-06-06 15:11:15]]></wp:post_date>
		<wp:post_date_gmt><![CDATA[2020-06-06 15:11:15]]></wp:post_date_gmt>
		<wp:comment_status><![CDATA[closed]]></wp:comment_status>
		<wp:ping_status><![CDATA[closed]]></wp:ping_status>
		<wp:post_name><![CDATA[39]]></wp:post_name>
		<wp:status><![CDATA[publish]]></wp:status>
		<wp:post_parent>0</wp:post_parent>
		<wp:menu_order>4</wp:menu_order>
		<wp:post_type><![CDATA[nav_menu_item]]></wp:post_type>
		<wp:post_password><![CDATA[]]></wp:post_password>
		<wp:is_sticky>0</wp:is_sticky>
										<category domain="nav_menu" nicename="main"><![CDATA[Main]]></category>
						<wp:postmeta>
		<wp:meta_key><![CDATA[_menu_item_type]]></wp:meta_key>
		<wp:meta_value><![CDATA[taxonomy]]></wp:meta_value>
		</wp:postmeta>
							<wp:postmeta>
		<wp:meta_key><![CDATA[_menu_item_menu_item_parent]]></wp:meta_key>
		<wp:meta_value><![CDATA[0]]></wp:meta_value>
		</wp:postmeta>
							<wp:postmeta>
		<wp:meta_key><![CDATA[_menu_item_object_id]]></wp:meta_key>
		<wp:meta_value><![CDATA[5]]></wp:meta_value>
		</wp:postmeta>
							<wp:postmeta>
		<wp:meta_key><![CDATA[_menu_item_object]]></wp:meta_key>
		<wp:meta_value><![CDATA[category]]></wp:meta_value>
		</wp:postmeta>
							<wp:postmeta>
		<wp:meta_key><![CDATA[_menu_item_target]]></wp:meta_key>
		<wp:meta_value><![CDATA[]]></wp:meta_value>
		</wp:postmeta>
							<wp:postmeta>
		<wp:meta_key><![CDATA[_menu_item_classes]]></wp:meta_key>
		<wp:meta_value><![CDATA[a:1:{i:0;s:0:"";}]]></wp:meta_value>
		</wp:postmeta>
							<wp:postmeta>
		<wp:meta_key><![CDATA[_menu_item_xfn]]></wp:meta_key>
		<wp:meta_value><![CDATA[]]></wp:meta_value>
		</wp:postmeta>
							<wp:postmeta>
		<wp:meta_key><![CDATA[_menu_item_url]]></wp:meta_key>
		<wp:meta_value><![CDATA[]]></wp:meta_value>
		</wp:postmeta>
							</item>
					<item>
		<title></title>
		<link>https://demos.wppotter.com/movie-blog/2020/06/06/40/</link>
		<pubDate>Sat, 06 Jun 2020 15:11:15 +0000</pubDate>
		<dc:creator><![CDATA[wppotter]]></dc:creator>
		<guid isPermaLink="false">https://demos.wppotter.com/movie-blog/2020/06/06/40/</guid>
		<description></description>
		<content:encoded><![CDATA[ ]]></content:encoded>
		<excerpt:encoded><![CDATA[]]></excerpt:encoded>
		<wp:post_id>40</wp:post_id>
		<wp:post_date><![CDATA[2020-06-06 15:11:15]]></wp:post_date>
		<wp:post_date_gmt><![CDATA[2020-06-06 15:11:15]]></wp:post_date_gmt>
		<wp:comment_status><![CDATA[closed]]></wp:comment_status>
		<wp:ping_status><![CDATA[closed]]></wp:ping_status>
		<wp:post_name><![CDATA[40]]></wp:post_name>
		<wp:status><![CDATA[publish]]></wp:status>
		<wp:post_parent>0</wp:post_parent>
		<wp:menu_order>5</wp:menu_order>
		<wp:post_type><![CDATA[nav_menu_item]]></wp:post_type>
		<wp:post_password><![CDATA[]]></wp:post_password>
		<wp:is_sticky>0</wp:is_sticky>
										<category domain="nav_menu" nicename="main"><![CDATA[Main]]></category>
						<wp:postmeta>
		<wp:meta_key><![CDATA[_menu_item_type]]></wp:meta_key>
		<wp:meta_value><![CDATA[taxonomy]]></wp:meta_value>
		</wp:postmeta>
							<wp:postmeta>
		<wp:meta_key><![CDATA[_menu_item_menu_item_parent]]></wp:meta_key>
		<wp:meta_value><![CDATA[0]]></wp:meta_value>
		</wp:postmeta>
							<wp:postmeta>
		<wp:meta_key><![CDATA[_menu_item_object_id]]></wp:meta_key>
		<wp:meta_value><![CDATA[2]]></wp:meta_value>
		</wp:postmeta>
							<wp:postmeta>
		<wp:meta_key><![CDATA[_menu_item_object]]></wp:meta_key>
		<wp:meta_value><![CDATA[category]]></wp:meta_value>
		</wp:postmeta>
							<wp:postmeta>
		<wp:meta_key><![CDATA[_menu_item_target]]></wp:meta_key>
		<wp:meta_value><![CDATA[]]></wp:meta_value>
		</wp:postmeta>
							<wp:postmeta>
		<wp:meta_key><![CDATA[_menu_item_classes]]></wp:meta_key>
		<wp:meta_value><![CDATA[a:1:{i:0;s:0:"";}]]></wp:meta_value>
		</wp:postmeta>
							<wp:postmeta>
		<wp:meta_key><![CDATA[_menu_item_xfn]]></wp:meta_key>
		<wp:meta_value><![CDATA[]]></wp:meta_value>
		</wp:postmeta>
							<wp:postmeta>
		<wp:meta_key><![CDATA[_menu_item_url]]></wp:meta_key>
		<wp:meta_value><![CDATA[]]></wp:meta_value>
		</wp:postmeta>
							</item>
					<item>
		<title>After header</title>
		<link>https://demos.wppotter.com/movie-blog/elementor-pb/after-header/</link>
		<pubDate>Sat, 06 Jun 2020 15:17:40 +0000</pubDate>
		<dc:creator><![CDATA[wppotter]]></dc:creator>
		<guid isPermaLink="false">https://demos.wppotter.com/movie-blog/?post_type=elementor-pb&#038;p=45</guid>
		<description></description>
		<content:encoded><![CDATA[<h2>Add Your Heading Text Here</h2>		
		<p>Lorem ipsum dolor sit amet, consectetur adipiscing elit. Ut elit tellus, luctus nec ullamcorper mattis, pulvinar dapibus leo.</p>		
			<a href="#" role="button">
						Click here
					</a>]]></content:encoded>
		<excerpt:encoded><![CDATA[]]></excerpt:encoded>
		<wp:post_id>45</wp:post_id>
		<wp:post_date><![CDATA[2020-06-06 15:17:40]]></wp:post_date>
		<wp:post_date_gmt><![CDATA[2020-06-06 15:17:40]]></wp:post_date_gmt>
		<wp:comment_status><![CDATA[closed]]></wp:comment_status>
		<wp:ping_status><![CDATA[closed]]></wp:ping_status>
		<wp:post_name><![CDATA[after-header]]></wp:post_name>
		<wp:status><![CDATA[publish]]></wp:status>
		<wp:post_parent>0</wp:post_parent>
		<wp:menu_order>0</wp:menu_order>
		<wp:post_type><![CDATA[elementor-pb]]></wp:post_type>
		<wp:post_password><![CDATA[]]></wp:post_password>
		<wp:is_sticky>0</wp:is_sticky>
														<wp:postmeta>
		<wp:meta_key><![CDATA[_edit_last]]></wp:meta_key>
		<wp:meta_value><![CDATA[1]]></wp:meta_value>
		</wp:postmeta>
							<wp:postmeta>
		<wp:meta_key><![CDATA[_wp_page_template]]></wp:meta_key>
		<wp:meta_value><![CDATA[default]]></wp:meta_value>
		</wp:postmeta>
							<wp:postmeta>
		<wp:meta_key><![CDATA[peb_target_include_locations]]></wp:meta_key>
		<wp:meta_value><![CDATA[a:2:{s:4:"rule";a:1:{i:0;s:12:"special-blog";}s:8:"specific";a:0:{}}]]></wp:meta_value>
		</wp:postmeta>
							<wp:postmeta>
		<wp:meta_key><![CDATA[peb_target_exclude_locations]]></wp:meta_key>
		<wp:meta_value><![CDATA[a:0:{}]]></wp:meta_value>
		</wp:postmeta>
							<wp:postmeta>
		<wp:meta_key><![CDATA[peb_target_user_roles]]></wp:meta_key>
		<wp:meta_value><![CDATA[a:1:{i:0;s:0:"";}]]></wp:meta_value>
		</wp:postmeta>
							<wp:postmeta>
		<wp:meta_key><![CDATA[peb_template_type]]></wp:meta_key>
		<wp:meta_value><![CDATA[type_after_header]]></wp:meta_value>
		</wp:postmeta>
							<wp:postmeta>
		<wp:meta_key><![CDATA[potter_options]]></wp:meta_key>
		<wp:meta_value><![CDATA[a:1:{i:0;s:13:"layout-global";}]]></wp:meta_value>
		</wp:postmeta>
							<wp:postmeta>
		<wp:meta_key><![CDATA[potter_sidebar_position]]></wp:meta_key>
		<wp:meta_value><![CDATA[global]]></wp:meta_value>
		</wp:postmeta>
							<wp:postmeta>
		<wp:meta_key><![CDATA[_elementor_edit_mode]]></wp:meta_key>
		<wp:meta_value><![CDATA[builder]]></wp:meta_value>
		</wp:postmeta>
							<wp:postmeta>
		<wp:meta_key><![CDATA[_elementor_template_type]]></wp:meta_key>
		<wp:meta_value><![CDATA[wp-post]]></wp:meta_value>
		</wp:postmeta>
							<wp:postmeta>
		<wp:meta_key><![CDATA[_elementor_version]]></wp:meta_key>
		<wp:meta_value><![CDATA[2.9.11]]></wp:meta_value>
		</wp:postmeta>
							<wp:postmeta>
		<wp:meta_key><![CDATA[ekit_post_views_count]]></wp:meta_key>
		<wp:meta_value><![CDATA[1]]></wp:meta_value>
		</wp:postmeta>
							<wp:postmeta>
		<wp:meta_key><![CDATA[_elementor_data]]></wp:meta_key>
		<wp:meta_value><![CDATA[[{"id":"27df89a","elType":"section","settings":{"margin":{"unit":"px","top":"0","right":0,"bottom":"0","left":0,"isLinked":false},"padding":{"unit":"px","top":"40","right":"0","bottom":"0","left":"0","isLinked":false}},"elements":[{"id":"4c3722d","elType":"column","settings":{"_column_size":100,"_inline_size":null,"background_background":"classic","background_image":{"url":"https:\/\/demos.wppotter.com\/movie-blog\/wp-content\/uploads\/sites\/13\/2020\/06\/jokerposter_orig.jpg","id":47},"background_position":"center center","background_attachment":"scroll","background_repeat":"no-repeat","background_size":"initial","padding":{"unit":"px","top":"0","right":"40","bottom":"100","left":"40","isLinked":false}},"elements":[{"id":"1ac9aa5","elType":"section","settings":{"structure":"20","margin":{"unit":"px","top":"0","right":0,"bottom":"0","left":0,"isLinked":false},"padding":{"unit":"px","top":"0","right":"0","bottom":"0","left":"0","isLinked":false}},"elements":[{"id":"ab96f75","elType":"column","settings":{"_column_size":50,"_inline_size":null},"elements":[],"isInner":true},{"id":"f2fc5e8","elType":"column","settings":{"_column_size":50,"_inline_size":null,"background_background":"classic","background_color":"#000000","padding":{"unit":"px","top":"40","right":"40","bottom":"40","left":"40","isLinked":true}},"elements":[{"id":"f18b415","elType":"widget","settings":{"title":"Add Your Heading Text Here","title_color":"#FFFFFF","typography_typography":"custom","typography_font_family":"Poppins","typography_font_size":{"unit":"px","size":36,"sizes":[]}},"elements":[],"widgetType":"heading"},{"id":"bca09fe","elType":"widget","settings":{"text_color":"#CCCCCC","typography_typography":"custom","typography_font_family":"Poppins"},"elements":[],"widgetType":"text-editor"},{"id":"4bcf8a3","elType":"widget","settings":{"text":"Click here","typography_typography":"custom","typography_font_weight":"500","typography_text_transform":"uppercase","button_text_color":"#FFFFFF","background_color":"#FC0707"},"elements":[],"widgetType":"button"}],"isInner":true}],"isInner":true}],"isInner":false}],"isInner":false}]]]></wp:meta_value>
		</wp:postmeta>
							<wp:postmeta>
		<wp:meta_key><![CDATA[_elementor_controls_usage]]></wp:meta_key>
		<wp:meta_value><![CDATA[a:5:{s:6:"column";a:3:{s:5:"count";i:3;s:15:"control_percent";i:3;s:8:"controls";a:3:{s:6:"layout";a:1:{s:6:"layout";a:1:{s:12:"_inline_size";i:3;}}s:5:"style";a:1:{s:13:"section_style";a:7:{s:21:"background_background";i:2;s:16:"background_color";i:1;s:16:"background_image";i:1;s:19:"background_position";i:1;s:21:"background_attachment";i:1;s:17:"background_repeat";i:1;s:15:"background_size";i:1;}}s:8:"advanced";a:1:{s:16:"section_advanced";a:1:{s:7:"padding";i:2;}}}}s:7:"heading";a:3:{s:5:"count";i:1;s:15:"control_percent";i:2;s:8:"controls";a:1:{s:5:"style";a:1:{s:19:"section_title_style";a:4:{s:11:"title_color";i:1;s:21:"typography_typography";i:1;s:22:"typography_font_family";i:1;s:20:"typography_font_size";i:1;}}}}s:11:"text-editor";a:3:{s:5:"count";i:1;s:15:"control_percent";i:1;s:8:"controls";a:1:{s:5:"style";a:1:{s:13:"section_style";a:3:{s:10:"text_color";i:1;s:21:"typography_typography";i:1;s:22:"typography_font_family";i:1;}}}}s:6:"button";a:3:{s:5:"count";i:1;s:15:"control_percent";i:2;s:8:"controls";a:1:{s:5:"style";a:1:{s:13:"section_style";a:5:{s:21:"typography_typography";i:1;s:22:"typography_font_weight";i:1;s:25:"typography_text_transform";i:1;s:17:"button_text_color";i:1;s:16:"background_color";i:1;}}}}s:7:"section";a:3:{s:5:"count";i:2;s:15:"control_percent";i:1;s:8:"controls";a:2:{s:6:"layout";a:1:{s:17:"section_structure";a:1:{s:9:"structure";i:1;}}s:8:"advanced";a:1:{s:16:"section_advanced";a:2:{s:6:"margin";i:2;s:7:"padding";i:2;}}}}}]]></wp:meta_value>
		</wp:postmeta>
							</item>
					<item>
		<title>jokerposter_orig</title>
		<link>https://demos.wppotter.com/movie-blog/elementor-pb/after-header/jokerposter_orig/</link>
		<pubDate>Sat, 06 Jun 2020 15:18:36 +0000</pubDate>
		<dc:creator><![CDATA[wppotter]]></dc:creator>
		<guid isPermaLink="false">https://demos.wppotter.com/movie-blog/wp-content/uploads/sites/13/2020/06/jokerposter_orig.jpg</guid>
		<description></description>
		<content:encoded><![CDATA[]]></content:encoded>
		<excerpt:encoded><![CDATA[]]></excerpt:encoded>
		<wp:post_id>47</wp:post_id>
		<wp:post_date><![CDATA[2020-06-06 15:18:36]]></wp:post_date>
		<wp:post_date_gmt><![CDATA[2020-06-06 15:18:36]]></wp:post_date_gmt>
		<wp:comment_status><![CDATA[open]]></wp:comment_status>
		<wp:ping_status><![CDATA[closed]]></wp:ping_status>
		<wp:post_name><![CDATA[jokerposter_orig]]></wp:post_name>
		<wp:status><![CDATA[inherit]]></wp:status>
		<wp:post_parent>45</wp:post_parent>
		<wp:menu_order>0</wp:menu_order>
		<wp:post_type><![CDATA[attachment]]></wp:post_type>
		<wp:post_password><![CDATA[]]></wp:post_password>
		<wp:is_sticky>0</wp:is_sticky>
						<wp:attachment_url><![CDATA[https://demos.wppotter.com/movie-blog/wp-content/uploads/sites/13/2020/06/jokerposter_orig.jpg]]></wp:attachment_url>
											<wp:postmeta>
		<wp:meta_key><![CDATA[_wp_attached_file]]></wp:meta_key>
		<wp:meta_value><![CDATA[2020/06/jokerposter_orig.jpg]]></wp:meta_value>
		</wp:postmeta>
							<wp:postmeta>
		<wp:meta_key><![CDATA[_wp_attachment_metadata]]></wp:meta_key>
		<wp:meta_value><![CDATA[a:5:{s:5:"width";i:1120;s:6:"height";i:560;s:4:"file";s:28:"2020/06/jokerposter_orig.jpg";s:5:"sizes";a:9:{s:6:"medium";a:4:{s:4:"file";s:28:"jokerposter_orig-300x150.jpg";s:5:"width";i:300;s:6:"height";i:150;s:9:"mime-type";s:10:"image/jpeg";}s:5:"large";a:4:{s:4:"file";s:29:"jokerposter_orig-1024x512.jpg";s:5:"width";i:1024;s:6:"height";i:512;s:9:"mime-type";s:10:"image/jpeg";}s:9:"thumbnail";a:4:{s:4:"file";s:28:"jokerposter_orig-150x150.jpg";s:5:"width";i:150;s:6:"height";i:150;s:9:"mime-type";s:10:"image/jpeg";}s:12:"medium_large";a:4:{s:4:"file";s:28:"jokerposter_orig-768x384.jpg";s:5:"width";i:768;s:6:"height";i:384;s:9:"mime-type";s:10:"image/jpeg";}s:14:"post-thumbnail";a:4:{s:4:"file";s:28:"jokerposter_orig-480x240.jpg";s:5:"width";i:480;s:6:"height";i:240;s:9:"mime-type";s:10:"image/jpeg";}s:21:"potter-homepage-thumb";a:4:{s:4:"file";s:28:"jokerposter_orig-220x180.jpg";s:5:"width";i:220;s:6:"height";i:180;s:9:"mime-type";s:10:"image/jpeg";}s:21:"potter-fullpage-thumb";a:4:{s:4:"file";s:29:"jokerposter_orig-1000x560.jpg";s:5:"width";i:1000;s:6:"height";i:560;s:9:"mime-type";s:10:"image/jpeg";}s:21:"potter-postpage-thumb";a:4:{s:4:"file";s:29:"jokerposter_orig-1000x560.jpg";s:5:"width";i:1000;s:6:"height";i:560;s:9:"mime-type";s:10:"image/jpeg";}s:25:"potter-archive-list-thumb";a:4:{s:4:"file";s:28:"jokerposter_orig-800x560.jpg";s:5:"width";i:800;s:6:"height";i:560;s:9:"mime-type";s:10:"image/jpeg";}}s:10:"image_meta";a:12:{s:8:"aperture";s:1:"0";s:6:"credit";s:0:"";s:6:"camera";s:0:"";s:7:"caption";s:0:"";s:17:"created_timestamp";s:1:"0";s:9:"copyright";s:0:"";s:12:"focal_length";s:1:"0";s:3:"iso";s:1:"0";s:13:"shutter_speed";s:1:"0";s:5:"title";s:0:"";s:11:"orientation";s:1:"0";s:8:"keywords";a:0:{}}}]]></wp:meta_value>
		</wp:postmeta>
							</item>
					<item>
		<title>Hello world!</title>
		<link>https://demos.wppotter.com/movie-blog/2020/06/06/hello-world__trashed/</link>
		<pubDate>Sat, 06 Jun 2020 14:17:03 +0000</pubDate>
		<dc:creator><![CDATA[wppotter]]></dc:creator>
		<guid isPermaLink="false">https://demos.wppotter.com/movie-blog/?p=1</guid>
		<description></description>
		<content:encoded><![CDATA[Welcome to <a href="http://demos.wppotter.com/">Potter Kit Demos</a>. This is your first post. Edit or delete it, then start writing!]]></content:encoded>
		<excerpt:encoded><![CDATA[]]></excerpt:encoded>
		<wp:post_id>1</wp:post_id>
		<wp:post_date><![CDATA[2020-06-06 14:17:03]]></wp:post_date>
		<wp:post_date_gmt><![CDATA[2020-06-06 14:17:03]]></wp:post_date_gmt>
		<wp:comment_status><![CDATA[open]]></wp:comment_status>
		<wp:ping_status><![CDATA[open]]></wp:ping_status>
		<wp:post_name><![CDATA[hello-world__trashed]]></wp:post_name>
		<wp:status><![CDATA[trash]]></wp:status>
		<wp:post_parent>0</wp:post_parent>
		<wp:menu_order>0</wp:menu_order>
		<wp:post_type><![CDATA[post]]></wp:post_type>
		<wp:post_password><![CDATA[]]></wp:post_password>
		<wp:is_sticky>0</wp:is_sticky>
										<category domain="category" nicename="uncategorized"><![CDATA[Uncategorized]]></category>
						<wp:postmeta>
		<wp:meta_key><![CDATA[_wp_trash_meta_status]]></wp:meta_key>
		<wp:meta_value><![CDATA[publish]]></wp:meta_value>
		</wp:postmeta>
							<wp:postmeta>
		<wp:meta_key><![CDATA[_wp_trash_meta_time]]></wp:meta_key>
		<wp:meta_value><![CDATA[1591454897]]></wp:meta_value>
		</wp:postmeta>
							<wp:postmeta>
		<wp:meta_key><![CDATA[_wp_desired_post_slug]]></wp:meta_key>
		<wp:meta_value><![CDATA[hello-world]]></wp:meta_value>
		</wp:postmeta>
							<wp:postmeta>
		<wp:meta_key><![CDATA[_wp_trash_meta_comments_status]]></wp:meta_key>
		<wp:meta_value><![CDATA[a:1:{i:1;s:1:"1";}]]></wp:meta_value>
		</wp:postmeta>
							<wp:comment>
			<wp:comment_id>1</wp:comment_id>
			<wp:comment_author><![CDATA[A WordPress Commenter]]></wp:comment_author>
			<wp:comment_author_email><![CDATA[wapuu@wordpress.example]]></wp:comment_author_email>
			<wp:comment_author_url>http://demos.wppotter.com/</wp:comment_author_url>
			<wp:comment_author_IP><![CDATA[]]></wp:comment_author_IP>
			<wp:comment_date><![CDATA[2020-06-06 14:17:03]]></wp:comment_date>
			<wp:comment_date_gmt><![CDATA[2020-06-06 14:17:03]]></wp:comment_date_gmt>
			<wp:comment_content><![CDATA[Hi, this is a comment.
To get started with moderating, editing, and deleting comments, please visit the Comments screen in the dashboard.
Commenter avatars come from <a href="https://gravatar.com">Gravatar</a>.]]></wp:comment_content>
			<wp:comment_approved><![CDATA[post-trashed]]></wp:comment_approved>
			<wp:comment_type><![CDATA[]]></wp:comment_type>
			<wp:comment_parent>0</wp:comment_parent>
			<wp:comment_user_id>0</wp:comment_user_id>
							</wp:comment>
					</item>
					<item>
		<title>Major UK Studios Begin Opening Their Doors Again After Going Dark During The Coronavirus Crisis</title>
		<link>https://demos.wppotter.com/movie-blog/2020/06/06/major-uk-studios-begin-opening-their-doors-again-after-going-dark-during-the-coronavirus-crisis/</link>
		<pubDate>Sat, 06 Jun 2020 14:54:46 +0000</pubDate>
		<dc:creator><![CDATA[wppotter]]></dc:creator>
		<guid isPermaLink="false">https://demos.wppotter.com/movie-blog/?p=25</guid>
		<description></description>
		<content:encoded><![CDATA[<!-- wp:heading -->
<h2>What is Lorem Ipsum?</h2>
<!-- /wp:heading -->

<!-- wp:paragraph -->
<p><strong>Lorem Ipsum</strong>&nbsp;is simply dummy text of the printing and typesetting industry. Lorem Ipsum has been the industry's standard dummy text ever since the 1500s, when an unknown printer took a galley of type and scrambled it to make a type specimen book. It has survived not only five centuries, but also the leap into electronic typesetting, remaining essentially unchanged. It was popularised in the 1960s with the release of Letraset sheets containing Lorem Ipsum passages, and more recently with desktop publishing software like Aldus PageMaker including versions of Lorem Ipsum.</p>
<!-- /wp:paragraph -->

<!-- wp:heading -->
<h2>Why do we use it?</h2>
<!-- /wp:heading -->

<!-- wp:paragraph -->
<p>It is a long established fact that a reader will be distracted by the readable content of a page when looking at its layout. The point of using Lorem Ipsum is that it has a more-or-less normal distribution of letters, as opposed to using 'Content here, content here', making it look like readable English. Many desktop publishing packages and web page editors now use Lorem Ipsum as their default model text, and a search for 'lorem ipsum' will uncover many web sites still in their infancy. Various versions have evolved over the years, sometimes by accident, sometimes on purpose (injected humour and the like).</p>
<!-- /wp:paragraph -->

<!-- wp:heading -->
<h2>Where does it come from?</h2>
<!-- /wp:heading -->

<!-- wp:paragraph -->
<p>Contrary to popular belief, Lorem Ipsum is not simply random text. It has roots in a piece of classical Latin literature from 45 BC, making it over 2000 years old. Richard McClintock, a Latin professor at Hampden-Sydney College in Virginia, looked up one of the more obscure Latin words, consectetur, from a Lorem Ipsum passage, and going through the cites of the word in classical literature, discovered the undoubtable source. Lorem Ipsum comes from sections 1.10.32 and 1.10.33 of "de Finibus Bonorum et Malorum" (The Extremes of Good and Evil) by Cicero, written in 45 BC. This book is a treatise on the theory of ethics, very popular during the Renaissance. The first line of Lorem Ipsum, "Lorem ipsum dolor sit amet..", comes from a line in section 1.10.32.</p>
<!-- /wp:paragraph -->

<!-- wp:paragraph -->
<p>The standard chunk of Lorem Ipsum used since the 1500s is reproduced below for those interested. Sections 1.10.32 and 1.10.33 from "de Finibus Bonorum et Malorum" by Cicero are also reproduced in their exact original form, accompanied by English versions from the 1914 translation by H. Rackham.</p>
<!-- /wp:paragraph -->

<!-- wp:heading -->
<h2>Where can I get some?</h2>
<!-- /wp:heading -->

<!-- wp:paragraph -->
<p>There are many variations of passages of Lorem Ipsum available, but the majority have suffered alteration in some form, by injected humour, or randomised words which don't look even slightly believable. If you are going to use a passage of Lorem Ipsum, you need to be sure there isn't anything embarrassing hidden in the middle of text. All the Lorem Ipsum generators on the Internet tend to repeat predefined chunks as necessary, making this the first true generator on the Internet. It uses a dictionary of over 200 Latin words, combined with a handful of model sentence structures, to generate Lorem Ipsum which looks reasonable. The generated Lorem Ipsum is therefore always free from repetition, injected humour, or non-characteristic words etc.</p>
<!-- /wp:paragraph -->]]></content:encoded>
		<excerpt:encoded><![CDATA[]]></excerpt:encoded>
		<wp:post_id>25</wp:post_id>
		<wp:post_date><![CDATA[2020-06-06 14:54:46]]></wp:post_date>
		<wp:post_date_gmt><![CDATA[2020-06-06 14:54:46]]></wp:post_date_gmt>
		<wp:comment_status><![CDATA[open]]></wp:comment_status>
		<wp:ping_status><![CDATA[open]]></wp:ping_status>
		<wp:post_name><![CDATA[major-uk-studios-begin-opening-their-doors-again-after-going-dark-during-the-coronavirus-crisis]]></wp:post_name>
		<wp:status><![CDATA[publish]]></wp:status>
		<wp:post_parent>0</wp:post_parent>
		<wp:menu_order>0</wp:menu_order>
		<wp:post_type><![CDATA[post]]></wp:post_type>
		<wp:post_password><![CDATA[]]></wp:post_password>
		<wp:is_sticky>0</wp:is_sticky>
										<category domain="category" nicename="characters"><![CDATA[Characters]]></category>
		<category domain="category" nicename="movie-news"><![CDATA[Movie News]]></category>
		<category domain="category" nicename="movie-trailer"><![CDATA[Movie Trailer]]></category>
		<category domain="category" nicename="reviews"><![CDATA[Reviews]]></category>
		<category domain="category" nicename="uncategorized"><![CDATA[Uncategorized]]></category>
						<wp:postmeta>
		<wp:meta_key><![CDATA[_edit_last]]></wp:meta_key>
		<wp:meta_value><![CDATA[1]]></wp:meta_value>
		</wp:postmeta>
							<wp:postmeta>
		<wp:meta_key><![CDATA[_thumbnail_id]]></wp:meta_key>
		<wp:meta_value><![CDATA[26]]></wp:meta_value>
		</wp:postmeta>
							<wp:postmeta>
		<wp:meta_key><![CDATA[potter_options]]></wp:meta_key>
		<wp:meta_value><![CDATA[a:1:{i:0;s:13:"layout-global";}]]></wp:meta_value>
		</wp:postmeta>
							<wp:postmeta>
		<wp:meta_key><![CDATA[potter_sidebar_position]]></wp:meta_key>
		<wp:meta_value><![CDATA[global]]></wp:meta_value>
		</wp:postmeta>
							<wp:postmeta>
		<wp:meta_key><![CDATA[ekit_post_views_count]]></wp:meta_key>
		<wp:meta_value><![CDATA[3]]></wp:meta_value>
		</wp:postmeta>
							<wp:postmeta>
		<wp:meta_key><![CDATA[_wp_page_template]]></wp:meta_key>
		<wp:meta_value><![CDATA[default]]></wp:meta_value>
		</wp:postmeta>
							</item>
					<item>
		<title>Bruce Lee Gets the 30 for 30 Treatment in ESPN&#039;s &#039;Be Water&#039;: Watch the Trailer</title>
		<link>https://demos.wppotter.com/movie-blog/2020/06/06/bruce-lee-gets-the-30-for-30-treatment-in-espns-be-water-watch-the-trailer/</link>
		<pubDate>Sat, 06 Jun 2020 14:56:39 +0000</pubDate>
		<dc:creator><![CDATA[wppotter]]></dc:creator>
		<guid isPermaLink="false">https://demos.wppotter.com/movie-blog/?p=28</guid>
		<description></description>
		<content:encoded><![CDATA[<!-- wp:heading -->
<h2>What is Lorem Ipsum?</h2>
<!-- /wp:heading -->

<!-- wp:paragraph -->
<p><strong>Lorem Ipsum</strong>&nbsp;is simply dummy text of the printing and typesetting industry. Lorem Ipsum has been the industry's standard dummy text ever since the 1500s, when an unknown printer took a galley of type and scrambled it to make a type specimen book. It has survived not only five centuries, but also the leap into electronic typesetting, remaining essentially unchanged. It was popularised in the 1960s with the release of Letraset sheets containing Lorem Ipsum passages, and more recently with desktop publishing software like Aldus PageMaker including versions of Lorem Ipsum.</p>
<!-- /wp:paragraph -->

<!-- wp:heading -->
<h2>Why do we use it?</h2>
<!-- /wp:heading -->

<!-- wp:paragraph -->
<p>It is a long established fact that a reader will be distracted by the readable content of a page when looking at its layout. The point of using Lorem Ipsum is that it has a more-or-less normal distribution of letters, as opposed to using 'Content here, content here', making it look like readable English. Many desktop publishing packages and web page editors now use Lorem Ipsum as their default model text, and a search for 'lorem ipsum' will uncover many web sites still in their infancy. Various versions have evolved over the years, sometimes by accident, sometimes on purpose (injected humour and the like).</p>
<!-- /wp:paragraph -->

<!-- wp:heading -->
<h2>Where does it come from?</h2>
<!-- /wp:heading -->

<!-- wp:paragraph -->
<p>Contrary to popular belief, Lorem Ipsum is not simply random text. It has roots in a piece of classical Latin literature from 45 BC, making it over 2000 years old. Richard McClintock, a Latin professor at Hampden-Sydney College in Virginia, looked up one of the more obscure Latin words, consectetur, from a Lorem Ipsum passage, and going through the cites of the word in classical literature, discovered the undoubtable source. Lorem Ipsum comes from sections 1.10.32 and 1.10.33 of "de Finibus Bonorum et Malorum" (The Extremes of Good and Evil) by Cicero, written in 45 BC. This book is a treatise on the theory of ethics, very popular during the Renaissance. The first line of Lorem Ipsum, "Lorem ipsum dolor sit amet..", comes from a line in section 1.10.32.</p>
<!-- /wp:paragraph -->

<!-- wp:paragraph -->
<p>The standard chunk of Lorem Ipsum used since the 1500s is reproduced below for those interested. Sections 1.10.32 and 1.10.33 from "de Finibus Bonorum et Malorum" by Cicero are also reproduced in their exact original form, accompanied by English versions from the 1914 translation by H. Rackham.</p>
<!-- /wp:paragraph -->

<!-- wp:heading -->
<h2>Where can I get some?</h2>
<!-- /wp:heading -->

<!-- wp:paragraph -->
<p>There are many variations of passages of Lorem Ipsum available, but the majority have suffered alteration in some form, by injected humour, or randomised words which don't look even slightly believable. If you are going to use a passage of Lorem Ipsum, you need to be sure there isn't anything embarrassing hidden in the middle of text. All the Lorem Ipsum generators on the Internet tend to repeat predefined chunks as necessary, making this the first true generator on the Internet. It uses a dictionary of over 200 Latin words, combined with a handful of model sentence structures, to generate Lorem Ipsum which looks reasonable. The generated Lorem Ipsum is therefore always free from repetition, injected humour, or non-characteristic words etc.</p>
<!-- /wp:paragraph -->]]></content:encoded>
		<excerpt:encoded><![CDATA[]]></excerpt:encoded>
		<wp:post_id>28</wp:post_id>
		<wp:post_date><![CDATA[2020-06-06 14:56:39]]></wp:post_date>
		<wp:post_date_gmt><![CDATA[2020-06-06 14:56:39]]></wp:post_date_gmt>
		<wp:comment_status><![CDATA[open]]></wp:comment_status>
		<wp:ping_status><![CDATA[open]]></wp:ping_status>
		<wp:post_name><![CDATA[bruce-lee-gets-the-30-for-30-treatment-in-espns-be-water-watch-the-trailer]]></wp:post_name>
		<wp:status><![CDATA[publish]]></wp:status>
		<wp:post_parent>0</wp:post_parent>
		<wp:menu_order>0</wp:menu_order>
		<wp:post_type><![CDATA[post]]></wp:post_type>
		<wp:post_password><![CDATA[]]></wp:post_password>
		<wp:is_sticky>0</wp:is_sticky>
										<category domain="category" nicename="characters"><![CDATA[Characters]]></category>
		<category domain="category" nicename="movie-trailer"><![CDATA[Movie Trailer]]></category>
		<category domain="category" nicename="uncategorized"><![CDATA[Uncategorized]]></category>
						<wp:postmeta>
		<wp:meta_key><![CDATA[_edit_last]]></wp:meta_key>
		<wp:meta_value><![CDATA[1]]></wp:meta_value>
		</wp:postmeta>
							<wp:postmeta>
		<wp:meta_key><![CDATA[_thumbnail_id]]></wp:meta_key>
		<wp:meta_value><![CDATA[29]]></wp:meta_value>
		</wp:postmeta>
							<wp:postmeta>
		<wp:meta_key><![CDATA[potter_options]]></wp:meta_key>
		<wp:meta_value><![CDATA[a:1:{i:0;s:13:"layout-global";}]]></wp:meta_value>
		</wp:postmeta>
							<wp:postmeta>
		<wp:meta_key><![CDATA[potter_sidebar_position]]></wp:meta_key>
		<wp:meta_value><![CDATA[global]]></wp:meta_value>
		</wp:postmeta>
							<wp:postmeta>
		<wp:meta_key><![CDATA[ekit_post_views_count]]></wp:meta_key>
		<wp:meta_value><![CDATA[5]]></wp:meta_value>
		</wp:postmeta>
							<wp:postmeta>
		<wp:meta_key><![CDATA[_wp_page_template]]></wp:meta_key>
		<wp:meta_value><![CDATA[default]]></wp:meta_value>
		</wp:postmeta>
							</item>
					<item>
		<title>Disney+&#039;s Secret Society of Second-Born Royals gets action-packed first trailer and premiere date</title>
		<link>https://demos.wppotter.com/movie-blog/2020/06/06/disneys-secret-society-of-second-born-royals-gets-action-packed-first-trailer-and-premiere-date/</link>
		<pubDate>Sat, 06 Jun 2020 15:01:25 +0000</pubDate>
		<dc:creator><![CDATA[wppotter]]></dc:creator>
		<guid isPermaLink="false">https://demos.wppotter.com/movie-blog/?p=31</guid>
		<description></description>
		<content:encoded><![CDATA[<!-- wp:core-embed/youtube {"url":"https://www.youtube.com/watch?v=Zq2OLayDn9k#action=share","type":"video","providerNameSlug":"youtube","className":"wp-embed-aspect-16-9 wp-has-aspect-ratio"} -->
<figure class="wp-block-embed-youtube wp-block-embed is-type-video is-provider-youtube wp-embed-aspect-16-9 wp-has-aspect-ratio"><div class="wp-block-embed__wrapper">
https://www.youtube.com/watch?v=Zq2OLayDn9k#action=share
</div></figure>
<!-- /wp:core-embed/youtube -->

<!-- wp:heading -->
<h2>Why do we use it?</h2>
<!-- /wp:heading -->

<!-- wp:paragraph -->
<p><strong>Lorem Ipsum</strong>&nbsp;is simply dummy text of the printing and typesetting industry. Lorem Ipsum has been the industry's standard dummy text ever since the 1500s, when an unknown printer took a galley of type and scrambled it to make a type specimen book. It has survived not only five centuries, but also the leap into electronic typesetting, remaining essentially unchanged. It was popularised in the 1960s with the release of Letraset sheets containing Lorem Ipsum passages, and more recently with desktop publishing software like Aldus PageMaker including versions of Lorem Ipsum.</p>
<!-- /wp:paragraph -->

<!-- wp:paragraph -->
<p>It is a long established fact that a reader will be distracted by the readable content of a page when looking at its layout. The point of using Lorem Ipsum is that it has a more-or-less normal distribution of letters, as opposed to using 'Content here, content here', making it look like readable English. Many desktop publishing packages and web page editors now use Lorem Ipsum as their default model text, and a search for 'lorem ipsum' will uncover many web sites still in their infancy. Various versions have evolved over the years, sometimes by accident, sometimes on purpose (injected humour and the like).</p>
<!-- /wp:paragraph -->

<!-- wp:heading -->
<h2>Where does it come from?</h2>
<!-- /wp:heading -->

<!-- wp:paragraph -->
<p>Contrary to popular belief, Lorem Ipsum is not simply random text. It has roots in a piece of classical Latin literature from 45 BC, making it over 2000 years old. Richard McClintock, a Latin professor at Hampden-Sydney College in Virginia, looked up one of the more obscure Latin words, consectetur, from a Lorem Ipsum passage, and going through the cites of the word in classical literature, discovered the undoubtable source. Lorem Ipsum comes from sections 1.10.32 and 1.10.33 of "de Finibus Bonorum et Malorum" (The Extremes of Good and Evil) by Cicero, written in 45 BC. This book is a treatise on the theory of ethics, very popular during the Renaissance. The first line of Lorem Ipsum, "Lorem ipsum dolor sit amet..", comes from a line in section 1.10.32.</p>
<!-- /wp:paragraph -->

<!-- wp:paragraph -->
<p>The standard chunk of Lorem Ipsum used since the 1500s is reproduced below for those interested. Sections 1.10.32 and 1.10.33 from "de Finibus Bonorum et Malorum" by Cicero are also reproduced in their exact original form, accompanied by English versions from the 1914 translation by H. Rackham.</p>
<!-- /wp:paragraph -->

<!-- wp:heading -->
<h2>Where can I get some?</h2>
<!-- /wp:heading -->

<!-- wp:paragraph -->
<p>There are many variations of passages of Lorem Ipsum available, but the majority have suffered alteration in some form, by injected humour, or randomised words which don't look even slightly believable. If you are going to use a passage of Lorem Ipsum, you need to be sure there isn't anything embarrassing hidden in the middle of text. All the Lorem Ipsum generators on the Internet tend to repeat predefined chunks as necessary, making this the first true generator on the Internet. It uses a dictionary of over 200 Latin words, combined with a handful of model sentence structures, to generate Lorem Ipsum which looks reasonable. The generated Lorem Ipsum is therefore always free from repetition, injected humour, or non-characteristic words etc.</p>
<!-- /wp:paragraph -->]]></content:encoded>
		<excerpt:encoded><![CDATA[]]></excerpt:encoded>
		<wp:post_id>31</wp:post_id>
		<wp:post_date><![CDATA[2020-06-06 15:01:25]]></wp:post_date>
		<wp:post_date_gmt><![CDATA[2020-06-06 15:01:25]]></wp:post_date_gmt>
		<wp:comment_status><![CDATA[open]]></wp:comment_status>
		<wp:ping_status><![CDATA[open]]></wp:ping_status>
		<wp:post_name><![CDATA[disneys-secret-society-of-second-born-royals-gets-action-packed-first-trailer-and-premiere-date]]></wp:post_name>
		<wp:status><![CDATA[publish]]></wp:status>
		<wp:post_parent>0</wp:post_parent>
		<wp:menu_order>0</wp:menu_order>
		<wp:post_type><![CDATA[post]]></wp:post_type>
		<wp:post_password><![CDATA[]]></wp:post_password>
		<wp:is_sticky>0</wp:is_sticky>
										<category domain="category" nicename="characters"><![CDATA[Characters]]></category>
		<category domain="category" nicename="movie-trailer"><![CDATA[Movie Trailer]]></category>
		<category domain="category" nicename="reviews"><![CDATA[Reviews]]></category>
						<wp:postmeta>
		<wp:meta_key><![CDATA[_edit_last]]></wp:meta_key>
		<wp:meta_value><![CDATA[1]]></wp:meta_value>
		</wp:postmeta>
							<wp:postmeta>
		<wp:meta_key><![CDATA[_thumbnail_id]]></wp:meta_key>
		<wp:meta_value><![CDATA[32]]></wp:meta_value>
		</wp:postmeta>
							<wp:postmeta>
		<wp:meta_key><![CDATA[potter_options]]></wp:meta_key>
		<wp:meta_value><![CDATA[a:2:{i:0;s:13:"layout-global";i:1;s:15:"remove-featured";}]]></wp:meta_value>
		</wp:postmeta>
							<wp:postmeta>
		<wp:meta_key><![CDATA[potter_sidebar_position]]></wp:meta_key>
		<wp:meta_value><![CDATA[global]]></wp:meta_value>
		</wp:postmeta>
							<wp:postmeta>
		<wp:meta_key><![CDATA[ekit_post_views_count]]></wp:meta_key>
		<wp:meta_value><![CDATA[7]]></wp:meta_value>
		</wp:postmeta>
							<wp:postmeta>
		<wp:meta_key><![CDATA[_oembed_73e024020d6d23cc20df31248bf220d1]]></wp:meta_key>
		<wp:meta_value><![CDATA[<iframe title="Secret Society of Second-Born Royals | Official Trailer | Disney+" width="500" height="281" src="https://www.youtube.com/embed/Zq2OLayDn9k?feature=oembed" frameborder="0" allow="accelerometer; autoplay; encrypted-media; gyroscope; picture-in-picture" allowfullscreen></iframe>]]></wp:meta_value>
		</wp:postmeta>
							<wp:postmeta>
		<wp:meta_key><![CDATA[_oembed_time_73e024020d6d23cc20df31248bf220d1]]></wp:meta_key>
		<wp:meta_value><![CDATA[1591455705]]></wp:meta_value>
		</wp:postmeta>
							</item>
				</channel>
</rss>
	